_created_at,_full_name,_language,_current_stars,_batch,_readme_source,_contributors_source,is_top20,lang_Python,lang_JavaScript,lang_Go,lang_Rust,lang_TypeScript,lang_Other,is_org,commits_30d,issues_30d,prs_30d,contributors_30d,has_readme_30d,readme_len_30d,readme_has_image_30d,readme_has_demo_url_30d,activity_total_30d,commits_per_contributor_30d,prs_per_issue_30d,has_pr_activity_30d
2025-03-19T20:43:00Z,roboflow/rf-detr,Python,7453,strict_30d_1y_2025_03_04,strict_30d,strict_30d,1,1,0,0,0,0,0,1,218,94,77,13,1,25317,1,0,389,16.76923076923077,0.8191489361702128,1
2025-03-16T22:37:03Z,GetBindu/Bindu,Python,6773,strict_30d_1y_2025_03_04,strict_30d,strict_30d,1,1,0,0,0,0,0,1,31,0,9,1,1,6501,0,0,40,31.0,9.0,1
2025-04-25T07:58:12Z,going-doer/Paper2Code,Python,4645,strict_30d_1y_2025_03_04,strict_30d,strict_30d,1,1,0,0,0,0,0,0,55,15,4,1,1,6877,1,0,74,55.0,0.26666666666666666,1
2025-04-26T14:30:47Z,changyeyu/LLM-RL-Visualized,Python,4441,strict_30d_1y_2025_03_04,strict_30d,strict_30d,1,1,0,0,0,0,0,0,14,1,0,1,1,74335,1,0,15,14.0,0.0,0
2025-04-29T02:37:54Z,ChenLiu-1996/figures4papers,Python,2174,strict_30d_1y_2025_03_04,strict_30d,strict_30d,1,1,0,0,0,0,0,0,11,0,0,1,1,91,0,0,11,11.0,0.0,0
2025-03-25T03:56:46Z,NanoNets/docext,Python,2019,strict_30d_1y_2025_03_04,strict_30d,strict_30d,1,1,0,0,0,0,0,1,132,4,3,3,1,11973,1,1,139,44.0,0.75,1
2025-04-10T08:23:51Z,lightly-ai/lightly-train,Python,1476,strict_30d_1y_2025_03_04,strict_30d,strict_30d,1,1,0,0,0,0,0,1,50,10,54,5,1,12544,1,0,114,10.0,5.4,1
2025-03-11T14:03:49Z,PrunaAI/pruna,Python,1192,strict_30d_1y_2025_03_04,strict_30d,strict_30d,1,1,0,0,0,0,0,1,38,11,43,9,1,24367,1,0,92,4.222222222222222,3.909090909090909,1
2025-04-01T08:52:45Z,raphael-seo/Versatile-OCR-Program,Python,683,strict_30d_1y_2025_03_04,strict_30d,strict_30d,1,1,0,0,0,0,0,0,62,0,0,1,1,8786,1,0,62,62.0,0.0,0
2025-04-29T12:43:31Z,ucam-eo/tessera,Python,590,strict_30d_1y_2025_03_04,strict_30d,strict_30d,1,1,0,0,0,0,0,1,0,2,1,0,0,0,0,0,3,0.0,0.5,1
2025-03-26T23:54:39Z,attentionmech/mav,Python,523,strict_30d_1y_2025_03_04,strict_30d,strict_30d,1,1,0,0,0,0,0,0,138,2,99,3,1,5044,1,0,239,46.0,49.5,1
2025-03-11T17:13:27Z,mlop-ai/mlop,Python,380,strict_30d_1y_2025_03_04,strict_30d,strict_30d,1,1,0,0,0,0,0,1,25,0,0,2,1,3167,1,0,25,12.5,0.0,0
2025-03-13T03:27:27Z,robbyzhaox/myocr,Python,286,strict_30d_1y_2025_03_04,strict_30d,strict_30d,1,1,0,0,0,0,0,0,0,0,11,0,0,0,0,0,11,0.0,11.0,1
2025-03-29T20:38:32Z,joylarkin/Awesome-AI-Market-Maps,Python,283,strict_30d_1y_2025_03_04,strict_30d,strict_30d,1,1,0,0,0,0,0,0,98,0,0,2,1,31753,1,0,98,49.0,0.0,0
2025-03-04T08:20:20Z,TangleML/tangle,Python,250,strict_30d_1y_2025_03_04,strict_30d,strict_30d,1,1,0,0,0,0,0,1,63,1,0,1,0,0,0,0,64,63.0,0.0,0
2025-03-18T09:35:31Z,lab-cosmo/upet,Python,209,strict_30d_1y_2025_03_04,strict_30d,strict_30d,1,1,0,0,0,0,0,1,42,0,7,6,1,10774,1,0,49,7.0,7.0,1
2025-04-29T15:20:28Z,habedi/cogitator,Python,188,strict_30d_1y_2025_03_04,strict_30d,strict_30d,1,1,0,0,0,0,0,0,6,7,4,1,1,6782,1,0,17,6.0,0.5714285714285714,1
2025-03-21T01:41:53Z,dptech-corp/Uni-3DAR,Python,150,strict_30d_1y_2025_03_04,strict_30d,strict_30d,1,1,0,0,0,0,0,1,16,3,5,1,1,6165,1,0,24,16.0,1.6666666666666667,1
2025-04-19T10:57:15Z,harrystuart/flintml,Python,139,strict_30d_1y_2025_03_04,strict_30d,strict_30d,1,1,0,0,0,0,0,0,0,0,0,0,0,0,0,0,0,0.0,0.0,0
2025-04-03T17:59:02Z,heilcheng/openevals,Python,133,strict_30d_1y_2025_03_04,strict_30d,strict_30d,1,1,0,0,0,0,0,0,8,0,0,1,1,3642,0,0,8,8.0,0.0,0
2025-04-23T16:54:14Z,kubeflow/sdk,Python,118,strict_30d_1y_2025_03_04,strict_30d,strict_30d,1,1,0,0,0,0,0,1,5,13,6,5,1,48,0,0,24,1.0,0.46153846153846156,1
2025-03-26T10:01:05Z,cyberark/agentwatch,Python,113,strict_30d_1y_2025_03_04,strict_30d,strict_30d,1,1,0,0,0,0,0,1,61,1,0,3,1,4383,1,0,62,20.333333333333332,0.0,0
2025-04-22T08:20:29Z,instadeepai/mlip,Python,109,strict_30d_1y_2025_03_04,strict_30d,strict_30d,1,1,0,0,0,0,0,1,7,0,8,2,1,5963,1,0,15,3.5,8.0,1
2025-04-08T04:42:24Z,TCXX/ObjaversePlusPlus,Python,109,strict_30d_1y_2025_03_04,strict_30d,strict_30d,1,1,0,0,0,0,0,0,36,4,0,2,1,6804,1,0,40,18.0,0.0,0
2025-03-26T18:04:56Z,pritampanda15/PandaDock,Python,97,strict_30d_1y_2025_03_04,strict_30d,strict_30d,1,1,0,0,0,0,0,0,0,2,1,0,0,0,0,0,3,0.0,0.5,1
2025-03-23T01:59:32Z,Vijax0/ai-clip-creator,Python,95,strict_30d_1y_2025_03_04,strict_30d,strict_30d,1,1,0,0,0,0,0,0,2,1,0,1,1,1114,0,0,3,2.0,0.0,0
2025-03-23T05:19:11Z,PierreMarieCurie/rf-detr-onnx,Python,94,strict_30d_1y_2025_03_04,strict_30d,strict_30d,1,1,0,0,0,0,0,0,12,0,0,1,1,2805,1,0,12,12.0,0.0,0
2025-04-13T19:02:08Z,zlatko-minev/zlatko-minev-quantum-repository,Python,91,strict_30d_1y_2025_03_04,strict_30d,strict_30d,1,1,0,0,0,0,0,0,0,0,0,0,0,0,0,0,0,0.0,0.0,0
2025-03-04T13:18:22Z,deepanwadhwa/zink,Python,84,strict_30d_1y_2025_03_04,strict_30d,strict_30d,1,1,0,0,0,0,0,0,39,0,5,1,1,7158,1,0,44,39.0,5.0,1
2025-03-01T00:43:15Z,pentilm/torch_quant,Python,78,strict_30d_1y_2025_03_04,strict_30d,strict_30d,1,1,0,0,0,0,0,0,1,0,0,1,1,5505,0,0,1,1.0,0.0,0
2025-03-03T10:59:34Z,nktoan/h-edit,Python,77,strict_30d_1y_2025_03_04,strict_30d,strict_30d,1,1,0,0,0,0,0,0,64,1,0,2,1,2853,1,0,65,32.0,0.0,0
2025-03-27T20:14:55Z,squidKid-deluxe/QTradeX-Algo-Trading-SDK,Python,69,strict_30d_1y_2025_03_04,strict_30d,strict_30d,1,1,0,0,0,0,0,0,7,0,0,1,1,5721,0,0,7,7.0,0.0,0
2025-04-14T15:59:37Z,fzp0424/MT-R1-Zero,Python,68,strict_30d_1y_2025_03_04,strict_30d,strict_30d,1,1,0,0,0,0,0,0,3,4,0,1,1,4430,1,0,7,3.0,0.0,0
2025-04-12T20:03:42Z,vcache-project/vCache,Python,68,strict_30d_1y_2025_03_04,strict_30d,strict_30d,1,1,0,0,0,0,0,0,16,16,18,3,1,3827,1,0,50,5.333333333333333,1.125,1
2025-04-01T17:02:01Z,Okes2024/Optimizing-Team-Dynamics-with-Personality-Clustering,Python,67,strict_30d_1y_2025_03_04,strict_30d,strict_30d,1,1,0,0,0,0,0,0,0,0,0,0,0,0,0,0,0,0.0,0.0,0
2025-04-01T17:03:04Z,Okes2024/Bias-Detection-in-Recruitment-Using-ML,Python,67,strict_30d_1y_2025_03_04,strict_30d,strict_30d,1,1,0,0,0,0,0,0,0,0,0,0,0,0,0,0,0,0.0,0.0,0
2025-03-25T12:42:55Z,bminixhofer/tokenkit,Python,67,strict_30d_1y_2025_03_04,strict_30d,strict_30d,1,1,0,0,0,0,0,0,127,3,2,1,1,9797,1,0,132,127.0,0.6666666666666666,1
2025-04-01T16:56:16Z,Okes2024/Air-Quality-Index-Prediction-Using-ML-and-IoT-Sensor-Data,Python,66,strict_30d_1y_2025_03_04,strict_30d,strict_30d,1,1,0,0,0,0,0,0,0,0,0,0,0,0,0,0,0,0.0,0.0,0
2025-04-01T16:57:01Z,Okes2024/Predicting-Depression-from-Social-Media-Activity,Python,64,strict_30d_1y_2025_03_04,strict_30d,strict_30d,1,1,0,0,0,0,0,0,0,0,0,0,0,0,0,0,0,0.0,0.0,0
2025-04-01T17:01:00Z,Okes2024/Employee-Attrition-Prediction-Using-HR-Data,Python,62,strict_30d_1y_2025_03_04,strict_30d,strict_30d,1,1,0,0,0,0,0,0,0,0,0,0,0,0,0,0,0,0.0,0.0,0
2025-03-04T14:06:39Z,Vinay0905/Fish-Detection-YOLOv8,Python,61,strict_30d_1y_2025_03_04,strict_30d,strict_30d,1,1,0,0,0,0,0,0,5,0,0,1,1,1547,1,0,5,5.0,0.0,0
2025-04-13T11:38:58Z,monoscuits/OptiTruck_ML,Python,61,strict_30d_1y_2025_03_04,strict_30d,strict_30d,1,1,0,0,0,0,0,0,3,0,0,1,1,1268,0,0,3,3.0,0.0,0
2025-03-17T18:46:04Z,ServiceNow/DoomArena,Python,61,strict_30d_1y_2025_03_04,strict_30d,strict_30d,1,1,0,0,0,0,0,1,1,0,0,1,1,58,0,0,1,1.0,0.0,0
2025-03-09T07:17:05Z,pyemma/Argo,Python,56,strict_30d_1y_2025_03_04,strict_30d,strict_30d,1,1,0,0,0,0,0,0,34,1,10,1,1,1940,1,0,45,34.0,10.0,1
2025-04-07T20:45:02Z,modal-labs/stopwatch,Python,56,strict_30d_1y_2025_03_04,strict_30d,strict_30d,1,1,0,0,0,0,0,1,23,0,4,2,1,2481,0,0,27,11.5,4.0,1
2025-04-04T17:05:06Z,arjunprabhulal/mcp-gemini-search,Python,56,strict_30d_1y_2025_03_04,strict_30d,strict_30d,1,1,0,0,0,0,0,0,8,1,0,1,1,5986,1,0,9,8.0,0.0,0
2025-04-01T16:59:32Z,Okes2024/Voice-Analysis-to-Detect-Emotional-Disorder,Python,55,strict_30d_1y_2025_03_04,strict_30d,strict_30d,1,1,0,0,0,0,0,0,0,0,0,0,0,0,0,0,0,0.0,0.0,0
2025-04-01T16:58:18Z,Okes2024/Analyzing-Behavioral-Patterns-in-ADHD-Patients,Python,55,strict_30d_1y_2025_03_04,strict_30d,strict_30d,1,1,0,0,0,0,0,0,0,0,0,0,0,0,0,0,0,0.0,0.0,0
2025-04-01T17:05:08Z,Okes2024/Predictive-Modeling-for-Training-Effectiveness,Python,54,strict_30d_1y_2025_03_04,strict_30d,strict_30d,1,1,0,0,0,0,0,0,4,0,0,1,1,2280,0,0,4,4.0,0.0,0
2025-04-01T07:42:52Z,Otutu11/Project-Complexity-Classification,Python,53,strict_30d_1y_2025_03_04,strict_30d,strict_30d,1,1,0,0,0,0,0,0,4,0,0,1,1,2082,0,0,4,4.0,0.0,0
2025-04-01T07:43:59Z,Otutu11/Client-Satisfaction-Score-Predictor,Python,53,strict_30d_1y_2025_03_04,strict_30d,strict_30d,1,1,0,0,0,0,0,0,5,0,0,1,1,2368,0,0,5,5.0,0.0,0
2025-04-01T16:57:26Z,Okes2024/EEG-Signal-Classification-for-Stress-Level-Detection,Python,53,strict_30d_1y_2025_03_04,strict_30d,strict_30d,1,1,0,0,0,0,0,0,0,0,0,0,0,0,0,0,0,0.0,0.0,0
2025-04-01T16:59:10Z,Okes2024/Machine-Learning-to-Predict-Suicide-Risk,Python,52,strict_30d_1y_2025_03_04,strict_30d,strict_30d,1,1,0,0,0,0,0,0,0,0,0,0,0,0,0,0,0,0.0,0.0,0
2025-04-30T09:15:38Z,eZWALT/eZAutoML,Python,51,strict_30d_1y_2025_03_04,strict_30d,strict_30d,1,1,0,0,0,0,0,0,31,3,2,1,1,4623,1,0,36,31.0,0.6666666666666666,1
2025-04-03T13:54:55Z,Akajiaku11/Hybrid-Machine-Learning-Framework-for-Water-Quality-Assessment-and-Contamination-Clustering,Python,51,strict_30d_1y_2025_03_04,strict_30d,strict_30d,1,1,0,0,0,0,0,0,6,0,0,1,1,1567,0,0,6,6.0,0.0,0
2025-04-03T11:32:04Z,WecoAI/weco-cli,Python,51,strict_30d_1y_2025_03_04,strict_30d,strict_30d,1,1,0,0,0,0,0,1,127,0,10,5,1,10187,1,0,137,25.4,10.0,1
2025-04-04T04:50:26Z,Akajiaku11/Flood-Susceptibility-Mapping-Using-Machine-Learning-and-Morphometric-Analysis,Python,51,strict_30d_1y_2025_03_04,strict_30d,strict_30d,1,1,0,0,0,0,0,0,4,0,0,1,1,3141,0,0,4,4.0,0.0,0
2025-03-11T12:42:27Z,gugugu12138/AdaptoFlux,Python,51,strict_30d_1y_2025_03_04,strict_30d,strict_30d,1,1,0,0,0,0,0,0,101,0,0,1,1,3272,1,0,101,101.0,0.0,0
2025-03-25T14:22:42Z,analyticsbot/ai-ml-code-interviewer,Python,49,strict_30d_1y_2025_03_04,strict_30d,strict_30d,1,1,0,0,0,0,0,0,8,1,3,2,1,8553,1,0,12,4.0,3.0,1
2025-04-28T14:13:47Z,FERMat-ML/OMatG,Python,49,strict_30d_1y_2025_03_04,strict_30d,strict_30d,1,1,0,0,0,0,0,1,3,1,0,1,1,5282,0,0,4,3.0,0.0,0
2025-03-24T17:52:52Z,ApexGen-X/MergeVQ,Python,49,strict_30d_1y_2025_03_04,strict_30d,strict_30d,1,1,0,0,0,0,0,1,7,0,0,1,1,1389,1,0,7,7.0,0.0,0
2025-04-01T16:54:07Z,Okes2024/Modelling-Urban-Heat-Islands-from-Satellite-Imagery,Python,49,strict_30d_1y_2025_03_04,strict_30d,strict_30d,1,1,0,0,0,0,0,0,0,0,0,0,0,0,0,0,0,0.0,0.0,0
2025-04-25T07:44:37Z,lab-cosmo/flashmd,Python,48,strict_30d_1y_2025_03_04,strict_30d,strict_30d,0,1,0,0,0,0,0,1,17,0,5,2,1,10,0,0,22,8.5,5.0,1
2025-03-17T00:46:29Z,Megum1/CO-SPY,Python,47,strict_30d_1y_2025_03_04,strict_30d,strict_30d,0,1,0,0,0,0,0,0,3,1,0,1,1,147,0,0,4,3.0,0.0,0
2025-04-01T07:00:47Z,Otutu11/Extreme-Weather-Event-Classification,Python,47,strict_30d_1y_2025_03_04,strict_30d,strict_30d,0,1,0,0,0,0,0,0,0,0,0,0,0,0,0,0,0,0.0,0.0,0
2025-04-01T07:00:22Z,Otutu11/-Chlorophyll-a-and-Ocean-Productivity-Prediction,Python,47,strict_30d_1y_2025_03_04,strict_30d,strict_30d,0,1,0,0,0,0,0,0,0,0,0,0,0,0,0,0,0,0.0,0.0,0
2025-03-06T19:29:19Z,atzberg/geo_neural_op,Python,46,strict_30d_1y_2025_03_04,strict_30d,strict_30d,0,1,0,0,0,0,0,0,24,0,0,2,1,4391,1,0,24,12.0,0.0,0
2025-04-03T16:05:09Z,ddmms/ml-peg,Python,40,strict_30d_1y_2025_03_04,strict_30d,strict_30d,0,1,0,0,0,0,0,1,2,0,0,1,1,14,0,0,2,2.0,0.0,0
2025-03-12T11:21:17Z,Sinapsis-AI/sinapsis,Python,40,strict_30d_1y_2025_03_04,strict_30d,strict_30d,0,1,0,0,0,0,0,1,9,0,0,2,1,8609,1,0,9,4.5,0.0,0
2025-04-05T10:42:34Z,IFRI-AI-Classes/ifri_mini_ml_lib,Python,39,strict_30d_1y_2025_03_04,strict_30d,strict_30d,0,1,0,0,0,0,0,1,184,0,11,13,1,1421,0,0,195,14.153846153846153,11.0,1
2025-03-25T11:57:02Z,MenaWANG/mlarena,Python,38,strict_30d_1y_2025_03_04,strict_30d,strict_30d,0,1,0,0,0,0,0,0,62,0,24,1,1,5408,1,0,86,62.0,24.0,1
2025-04-18T13:48:26Z,artefactory/woodtapper,Python,38,strict_30d_1y_2025_03_04,strict_30d,strict_30d,0,1,0,0,0,0,0,1,35,0,1,2,1,1895,1,0,36,17.5,1.0,1
2025-03-03T17:55:28Z,CyberNexusX/AI-Powered-Threat-Detection-System,Python,35,strict_30d_1y_2025_03_04,strict_30d,strict_30d,0,1,0,0,0,0,0,0,12,0,0,1,1,3187,0,0,12,12.0,0.0,0
2025-03-07T17:38:21Z,user1342/Folly,Python,35,strict_30d_1y_2025_03_04,strict_30d,strict_30d,0,1,0,0,0,0,0,0,50,0,0,1,1,8775,1,0,50,50.0,0.0,0
2025-03-11T15:02:18Z,Lewis-Stuart-11/PlantDreamer,Python,34,strict_30d_1y_2025_03_04,strict_30d,strict_30d,0,1,0,0,0,0,0,0,10,0,0,2,1,9915,1,0,10,5.0,0.0,0
2025-03-23T13:02:43Z,uzh-rpg/gg_ssms,Python,33,strict_30d_1y_2025_03_04,strict_30d,strict_30d,0,1,0,0,0,0,0,1,3,0,0,2,1,9829,1,0,3,1.5,0.0,0
2025-03-26T13:18:28Z,nec-research/DIMOS,Python,31,strict_30d_1y_2025_03_04,strict_30d,strict_30d,0,1,0,0,0,0,0,1,1,0,0,1,1,1802,0,0,1,1.0,0.0,0
2025-03-28T15:18:57Z,manu12121999/GIMP-Selection-Refiner,Python,30,strict_30d_1y_2025_03_04,strict_30d,strict_30d,0,1,0,0,0,0,0,0,8,0,2,2,1,1665,1,0,10,4.0,2.0,1
2025-04-18T16:37:40Z,miladfa7/visionface,Python,30,strict_30d_1y_2025_03_04,strict_30d,strict_30d,0,1,0,0,0,0,0,0,14,0,1,1,1,8,0,0,15,14.0,1.0,1
2025-04-12T06:18:18Z,mlopsbootcamp/house-price-predictor,Python,29,strict_30d_1y_2025_03_04,strict_30d,strict_30d,0,1,0,0,0,0,0,1,2,0,0,1,1,5218,0,0,2,2.0,0.0,0
2025-04-11T07:18:13Z,haato-w/3d-gabor-splatting,Python,27,strict_30d_1y_2025_03_04,strict_30d,strict_30d,0,1,0,0,0,0,0,0,6,0,0,1,1,5045,1,0,6,6.0,0.0,0
2025-03-27T16:42:21Z,SrujanPR/Vehicle-Detection-and-Counter-using-Yolo11,Python,27,strict_30d_1y_2025_03_04,strict_30d,strict_30d,0,1,0,0,0,0,0,0,7,0,0,1,1,3137,1,0,7,7.0,0.0,0
2025-04-24T06:21:44Z,AI-sandbox/ADAMIXTURE,Python,26,strict_30d_1y_2025_03_04,strict_30d,strict_30d,0,1,0,0,0,0,0,1,0,0,0,0,0,0,0,0,0,0.0,0.0,0
2025-04-15T03:49:05Z,rohanmistry231/ML-Interview-Preparation,Python,25,strict_30d_1y_2025_03_04,strict_30d,strict_30d,0,1,0,0,0,0,0,0,9,0,0,1,1,4914,1,0,9,9.0,0.0,0
2025-04-04T17:11:21Z,gradient-divergence/agentic-retail-foundations,Python,25,strict_30d_1y_2025_03_04,strict_30d,strict_30d,0,1,0,0,0,0,0,1,119,0,0,1,1,12340,1,0,119,119.0,0.0,0
2025-03-22T22:17:49Z,ShaliniAnandaPhD/Neuron,Python,25,strict_30d_1y_2025_03_04,strict_30d,strict_30d,0,1,0,0,0,0,0,0,195,6,0,1,1,10477,1,0,201,195.0,0.0,0
2025-03-01T15:36:44Z,kpup1710/CAMEx,Python,24,strict_30d_1y_2025_03_04,strict_30d,strict_30d,0,1,0,0,0,0,0,0,2,0,0,1,1,595,1,0,2,2.0,0.0,0
2025-03-11T07:43:07Z,SmartFlow-AI4CFD/SmartFlow,Python,24,strict_30d_1y_2025_03_04,strict_30d,strict_30d,0,1,0,0,0,0,0,1,9,12,0,4,1,11425,0,0,21,2.25,0.0,0
2025-04-21T08:02:56Z,jla-gardner/augment-atoms,Python,23,strict_30d_1y_2025_03_04,strict_30d,strict_30d,0,1,0,0,0,0,0,0,2,0,0,1,1,5163,0,0,2,2.0,0.0,0
2025-04-29T08:39:36Z,KieDani/SpinAndTrajectoryTableTennis,Python,23,strict_30d_1y_2025_03_04,strict_30d,strict_30d,0,1,0,0,0,0,0,0,0,0,0,0,1,3507,0,0,0,0.0,0.0,0
2025-03-27T16:07:00Z,chenty2333/TikTok-YouTube_CommentScraper,Python,23,strict_30d_1y_2025_03_04,strict_30d,strict_30d,0,1,0,0,0,0,0,0,2,0,0,1,1,4263,0,0,2,2.0,0.0,0
2025-03-02T18:19:06Z,hesamsheikh/AnimAI-Trainer,Python,23,strict_30d_1y_2025_03_04,strict_30d,strict_30d,0,1,0,0,0,0,0,0,20,0,0,1,1,1104,1,0,20,20.0,0.0,0
2025-04-17T15:07:38Z,openscilab/tocount,Python,23,strict_30d_1y_2025_03_04,strict_30d,strict_30d,0,1,0,0,0,0,0,1,2,0,0,1,1,2858,1,0,2,2.0,0.0,0
2025-04-01T19:10:50Z,aadya940/numpyai,Python,23,strict_30d_1y_2025_03_04,strict_30d,strict_30d,0,1,0,0,0,0,0,0,68,6,0,1,1,2687,1,0,74,68.0,0.0,0
2025-04-28T13:12:02Z,rohanmistry231/PyTorch-Interview-Preparation,Python,22,strict_30d_1y_2025_03_04,strict_30d,strict_30d,0,1,0,0,0,0,0,0,4,0,0,1,1,7438,1,0,4,4.0,0.0,0
2025-03-05T07:48:36Z,200lab-Education/dynamic-ride-pricing-system,Python,20,strict_30d_1y_2025_03_04,strict_30d,strict_30d,0,1,0,0,0,0,0,1,2,0,0,1,1,5698,1,0,2,2.0,0.0,0
2025-04-13T12:30:37Z,Lovely9899/Student-Performance-Analysis-and-Prediction,Python,19,strict_30d_1y_2025_03_04,strict_30d,strict_30d,0,1,0,0,0,0,0,0,2,0,0,1,1,395,0,0,2,2.0,0.0,0
2025-04-05T10:57:57Z,Eng-Hasan-Hajjar/Digital-Currency-Price-Prediction-using-Neural-Networks-and-Artificial-Intelligence,Python,19,strict_30d_1y_2025_03_04,strict_30d,strict_30d,0,1,0,0,0,0,0,0,0,0,0,0,0,0,0,0,0,0.0,0.0,0
2025-03-23T19:19:33Z,CrowCall/crow-tools,Python,18,strict_30d_1y_2025_03_04,strict_30d,strict_30d,0,1,0,0,0,0,0,1,146,0,0,1,1,8269,1,0,146,146.0,0.0,0
2025-04-12T22:19:39Z,Rayyan9477/linkedin_mcp,Python,18,strict_30d_1y_2025_03_04,strict_30d,strict_30d,0,1,0,0,0,0,0,0,2,0,0,1,1,4628,1,0,2,2.0,0.0,0
2025-04-13T14:03:41Z,Dramwig/FlowLine,JavaScript,390,strict_30d_1y_2025_03_04,strict_30d,strict_30d,1,0,1,0,0,0,0,0,29,0,0,1,1,1446,0,0,29,29.0,0.0,0
2025-03-11T01:22:50Z,entrepeneur4lyf/engineered-meta-cognitive-workflow-architecture,JavaScript,239,strict_30d_1y_2025_03_04,strict_30d,strict_30d,1,0,1,0,0,0,0,0,39,1,0,1,1,33240,1,0,40,39.0,0.0,0
2025-04-04T02:03:25Z,attentionmech/dex,JavaScript,14,strict_30d_1y_2025_03_04,strict_30d,strict_30d,0,0,1,0,0,0,0,0,113,1,6,1,1,1396,1,0,120,113.0,6.0,1
2025-04-13T14:03:43Z,BKG10/PhishShield_Extension,JavaScript,8,strict_30d_1y_2025_03_04,strict_30d,strict_30d,0,0,1,0,0,0,0,0,22,0,0,1,1,2183,0,0,22,22.0,0.0,0
2025-03-18T09:45:18Z,Priyanshu-Shah/AlgoViz,JavaScript,8,strict_30d_1y_2025_03_04,strict_30d,strict_30d,0,0,1,0,0,0,0,0,56,0,6,6,1,8992,1,0,62,9.333333333333334,6.0,1
2025-03-11T17:55:32Z,Ericcccccai/SketchTiler,JavaScript,8,strict_30d_1y_2025_03_04,strict_30d,strict_30d,0,0,1,0,0,0,0,0,25,0,0,3,0,0,0,0,25,8.333333333333334,0.0,0
2025-03-16T03:39:13Z,benlalaraid/MyPortfolio,JavaScript,7,strict_30d_1y_2025_03_04,strict_30d,strict_30d,0,0,1,0,0,0,0,0,10,0,0,1,1,15,0,0,10,10.0,0.0,0
2025-04-30T13:54:47Z,paulo-campos-57/EndoAI,JavaScript,7,strict_30d_1y_2025_03_04,strict_30d,strict_30d,0,0,1,0,0,0,0,0,70,5,2,7,1,12039,1,0,77,10.0,0.4,1
2025-04-05T20:57:36Z,Nigel1992/AutoSort-Plus,JavaScript,7,strict_30d_1y_2025_03_04,strict_30d,strict_30d,0,0,1,0,0,0,0,0,13,0,0,1,1,3467,1,0,13,13.0,0.0,0
2025-03-17T07:34:12Z,bunnysunny24/ClimaSync,JavaScript,6,strict_30d_1y_2025_03_04,strict_30d,strict_30d,0,0,1,0,0,0,0,0,21,0,0,2,1,2330,1,0,21,10.5,0.0,0
2025-03-08T20:29:52Z,Azlouk-Ahmed/ADAPTIVE-LEARNING,JavaScript,5,strict_30d_1y_2025_03_04,strict_30d,strict_30d,0,0,1,0,0,0,0,0,1,0,0,1,0,0,0,0,1,1.0,0.0,0
2025-04-04T13:08:32Z,ArshTiwari2004/Signal-X,JavaScript,5,strict_30d_1y_2025_03_04,strict_30d,strict_30d,0,0,1,0,0,0,0,0,127,0,19,4,1,16647,1,1,146,31.75,19.0,1
2025-04-14T17:26:50Z,tamdilip/mcp-ollama-beeai,JavaScript,5,strict_30d_1y_2025_03_04,strict_30d,strict_30d,0,0,1,0,0,0,0,0,6,0,0,1,1,2624,1,1,6,6.0,0.0,0
2025-03-22T14:49:49Z,Hariharanpugazh/APNA,JavaScript,5,strict_30d_1y_2025_03_04,strict_30d,strict_30d,0,0,1,0,0,0,0,0,0,0,0,0,0,0,0,0,0,0.0,0.0,0
2025-04-05T17:43:34Z,dreuxx/Grammar-Checker-v2-BY-ML,JavaScript,5,strict_30d_1y_2025_03_04,strict_30d,strict_30d,0,0,1,0,0,0,0,0,5,0,0,2,1,3192,0,0,5,2.5,0.0,0
2025-04-02T18:42:17Z,tubiccelavi/Poker-COACH,JavaScript,4,strict_30d_1y_2025_03_04,strict_30d,strict_30d,0,0,1,0,0,0,0,0,0,0,0,0,1,5968,0,0,0,0.0,0.0,0
2025-03-19T06:59:18Z,Huy-VNNIC/CMU_CS_462_VIS_G1,JavaScript,4,strict_30d_1y_2025_03_04,strict_30d,strict_30d,0,0,1,0,0,0,0,0,3,0,0,2,1,3585,0,0,3,1.5,0.0,0
2025-04-18T09:31:25Z,SnoozeScript/404,JavaScript,4,strict_30d_1y_2025_03_04,strict_30d,strict_30d,0,0,1,0,0,0,0,0,56,0,0,4,1,12982,0,0,56,14.0,0.0,0
2025-03-31T21:29:22Z,kumarankit263/Major_Project2.0,JavaScript,4,strict_30d_1y_2025_03_04,strict_30d,strict_30d,0,0,1,0,0,0,0,0,21,0,0,1,1,4608,0,0,21,21.0,0.0,0
2025-03-20T04:28:51Z,nathanmekuria/ML-Clustering-Classification-Viz,JavaScript,3,strict_30d_1y_2025_03_04,strict_30d,strict_30d,0,0,1,0,0,0,0,0,2,0,0,1,1,993,0,0,2,2.0,0.0,0
2025-04-17T09:26:58Z,SeyedTahaKhademi/NeuronOne-tensorflow.js,JavaScript,3,strict_30d_1y_2025_03_04,strict_30d,strict_30d,0,0,1,0,0,0,0,0,4,0,0,1,1,1041,0,0,4,4.0,0.0,0
2025-03-17T17:32:02Z,AdvaitT17/InvoiceAI,JavaScript,3,strict_30d_1y_2025_03_04,strict_30d,strict_30d,0,0,1,0,0,0,0,0,5,0,3,1,1,4448,0,0,8,5.0,3.0,1
2025-04-30T20:07:55Z,ArthSonani/language_detection,JavaScript,3,strict_30d_1y_2025_03_04,strict_30d,strict_30d,0,0,1,0,0,0,0,0,36,0,0,1,0,0,0,0,36,36.0,0.0,0
2025-04-18T06:06:29Z,BeeCortex/Beelia,JavaScript,3,strict_30d_1y_2025_03_04,strict_30d,strict_30d,0,0,1,0,0,0,0,0,7,0,0,1,1,8164,0,0,7,7.0,0.0,0
2025-03-26T02:27:56Z,Oil3/Quicklook-Netron,JavaScript,3,strict_30d_1y_2025_03_04,strict_30d,strict_30d,0,0,1,0,0,0,0,0,18,0,0,1,1,2394,1,0,18,18.0,0.0,0
2025-04-21T10:56:38Z,OmarAlhaz/Personalized-Movie-Series-Recommendation-System,JavaScript,3,strict_30d_1y_2025_03_04,strict_30d,strict_30d,0,0,1,0,0,0,0,0,3,0,0,1,1,5171,0,0,3,3.0,0.0,0
2025-04-22T16:23:55Z,VasishPareekshith/NutriMatch_FoodRecommendationSystem,JavaScript,3,strict_30d_1y_2025_03_04,strict_30d,strict_30d,0,0,1,0,0,0,0,0,0,0,0,0,0,0,0,0,0,0.0,0.0,0
2025-04-04T08:02:10Z,eggai-tech/ai-landscape,JavaScript,3,strict_30d_1y_2025_03_04,strict_30d,strict_30d,0,0,1,0,0,0,0,1,13,0,0,1,1,5435,0,0,13,13.0,0.0,0
2025-04-27T03:46:00Z,pasanpiyumantha98/Leaf-Intel,JavaScript,3,strict_30d_1y_2025_03_04,strict_30d,strict_30d,0,0,1,0,0,0,0,0,38,0,0,1,1,544,0,0,38,38.0,0.0,0
2025-03-06T19:53:02Z,okzeesh/SAPI-G,JavaScript,3,strict_30d_1y_2025_03_04,strict_30d,strict_30d,0,0,1,0,0,0,0,0,7,0,0,3,1,310,0,0,7,2.3333333333333335,0.0,0
2025-03-01T12:39:30Z,bawfng04/DADN-SmartGreenhouseSystem,JavaScript,3,strict_30d_1y_2025_03_04,strict_30d,strict_30d,0,0,1,0,0,0,0,0,52,0,0,3,1,3658,0,0,52,17.333333333333332,0.0,0
2025-03-05T10:34:39Z,Kamal007OLica/Uki_AI_UI_Auditor_FigmaPlugin,JavaScript,3,strict_30d_1y_2025_03_04,strict_30d,strict_30d,0,0,1,0,0,0,0,0,12,0,0,1,1,1574,1,0,12,12.0,0.0,0
2025-04-10T17:41:51Z,mkp151203/Dental_Disease_Detection,JavaScript,3,strict_30d_1y_2025_03_04,strict_30d,strict_30d,0,0,1,0,0,0,0,0,1,0,0,1,0,0,0,0,1,1.0,0.0,0
2025-03-26T19:34:21Z,GeoInsight-Team/SlumRadar,JavaScript,2,strict_30d_1y_2025_03_04,strict_30d,strict_30d,0,0,1,0,0,0,0,1,13,0,4,4,1,954,0,0,17,3.25,4.0,1
2025-03-12T10:01:11Z,pranayb1256/Aiml-departmental-website,JavaScript,2,strict_30d_1y_2025_03_04,strict_30d,strict_30d,0,0,1,0,0,0,0,0,44,0,0,2,1,2995,0,0,44,22.0,0.0,0
2025-04-03T16:13:23Z,MERN-BookBlog/Book-Recommendation-Blog,JavaScript,2,strict_30d_1y_2025_03_04,strict_30d,strict_30d,0,0,1,0,0,0,0,1,9,0,1,5,1,291,0,0,10,1.8,1.0,1
2025-03-20T13:22:25Z,crizmo/CatLoafAI,JavaScript,2,strict_30d_1y_2025_03_04,strict_30d,strict_30d,0,0,1,0,0,0,0,0,8,0,0,1,1,3272,0,0,8,8.0,0.0,0
2025-03-13T06:50:51Z,sarpowsky/PityPal,JavaScript,2,strict_30d_1y_2025_03_04,strict_30d,strict_30d,0,0,1,0,0,0,0,0,1,0,0,1,1,3872,1,0,1,1.0,0.0,0
2025-04-29T17:13:43Z,Prasad-Dalvi/Samvadini,JavaScript,2,strict_30d_1y_2025_03_04,strict_30d,strict_30d,0,0,1,0,0,0,0,0,24,0,1,4,0,0,0,0,25,6.0,1.0,1
2025-03-27T18:35:37Z,Prxyankaz/SMART-WHEEL-CHAIR,JavaScript,2,strict_30d_1y_2025_03_04,strict_30d,strict_30d,0,0,1,0,0,0,0,0,5,0,0,1,1,39,0,0,5,5.0,0.0,0
2025-03-23T06:00:37Z,Ma5Codes/Customer-service-chat,JavaScript,2,strict_30d_1y_2025_03_04,strict_30d,strict_30d,0,0,1,0,0,0,0,0,4,0,0,1,1,2488,1,0,4,4.0,0.0,0
2025-04-05T10:20:15Z,blktrese/sunboxUI,JavaScript,2,strict_30d_1y_2025_03_04,strict_30d,strict_30d,0,0,1,0,0,0,0,0,40,0,0,2,0,0,0,0,40,20.0,0.0,0
2025-04-19T06:24:10Z,EricAsante3/AI-Content-Moderation-System,JavaScript,2,strict_30d_1y_2025_03_04,strict_30d,strict_30d,0,0,1,0,0,0,0,0,24,0,0,3,1,1062,1,0,24,8.0,0.0,0
2025-04-06T06:13:27Z,Rajeev12R/AI-Powered-Legal-Document-Summariser,JavaScript,2,strict_30d_1y_2025_03_04,strict_30d,strict_30d,0,0,1,0,0,0,0,0,3,0,0,1,1,11,0,0,3,3.0,0.0,0
2025-04-23T17:32:18Z,dflores0806/ECGTwinMentor,JavaScript,2,strict_30d_1y_2025_03_04,strict_30d,strict_30d,0,0,1,0,0,0,0,0,15,0,0,1,1,18117,1,0,15,15.0,0.0,0
2025-04-24T15:06:14Z,Saurabh-Paudel/CineGenix,JavaScript,2,strict_30d_1y_2025_03_04,strict_30d,strict_30d,0,0,1,0,0,0,0,0,2,0,0,1,1,2454,0,0,2,2.0,0.0,0
2025-03-15T15:22:09Z,PawanOG/ISS-cargo-stowage-management,JavaScript,2,strict_30d_1y_2025_03_04,strict_30d,strict_30d,0,0,1,0,0,0,0,0,1,0,0,1,1,3359,0,0,1,1.0,0.0,0
2025-04-27T08:49:04Z,harsh-sankhla/Sign-Translator,JavaScript,2,strict_30d_1y_2025_03_04,strict_30d,strict_30d,0,0,1,0,0,0,0,0,3,0,0,1,1,878,0,0,3,3.0,0.0,0
2025-04-26T22:15:40Z,elonmasai7/PhishGuard,JavaScript,2,strict_30d_1y_2025_03_04,strict_30d,strict_30d,0,0,1,0,0,0,0,0,5,0,0,1,1,3481,1,0,5,5.0,0.0,0
2025-04-18T05:46:59Z,Abhisingh18/AgroVision.Ai,JavaScript,2,strict_30d_1y_2025_03_04,strict_30d,strict_30d,0,0,1,0,0,0,0,0,2,0,0,1,1,349,0,0,2,2.0,0.0,0
2025-04-04T13:10:21Z,PranavDeshpande2004/AI-Powered-CIBIL-Score-Generator,JavaScript,2,strict_30d_1y_2025_03_04,strict_30d,strict_30d,0,0,1,0,0,0,0,0,3,0,0,1,0,0,0,0,3,3.0,0.0,0
2025-03-05T22:38:15Z,Tahaouad/solar_energy_prediction,JavaScript,2,strict_30d_1y_2025_03_04,strict_30d,strict_30d,0,0,1,0,0,0,0,0,5,0,1,2,1,4040,0,0,6,2.5,1.0,1
2025-03-01T09:24:20Z,Git01-safalya/CodeStrive,JavaScript,2,strict_30d_1y_2025_03_04,strict_30d,strict_30d,0,0,1,0,0,0,0,0,24,0,0,5,1,4028,1,0,24,4.8,0.0,0
2025-03-15T04:41:40Z,krishnaindia2004/ChurnIQ,JavaScript,2,strict_30d_1y_2025_03_04,strict_30d,strict_30d,0,0,1,0,0,0,0,0,4,0,0,1,1,1011,0,0,4,4.0,0.0,0
2025-04-17T11:19:56Z,Shruti627/Prime-GenAI-Suite,JavaScript,2,strict_30d_1y_2025_03_04,strict_30d,strict_30d,0,0,1,0,0,0,0,0,2,0,0,1,1,765,0,0,2,2.0,0.0,0
2025-04-21T10:41:46Z,SusmoyNath/Motion-controlled-3D-game,JavaScript,2,strict_30d_1y_2025_03_04,strict_30d,strict_30d,0,0,1,0,0,0,0,0,4,0,0,1,1,3835,0,0,4,4.0,0.0,0
2025-03-28T16:16:21Z,NiBelk/Machine-Learning-React-Node,JavaScript,2,strict_30d_1y_2025_03_04,strict_30d,strict_30d,0,0,1,0,0,0,0,0,0,0,0,0,1,1372,1,0,0,0.0,0.0,0
2025-03-30T16:38:10Z,DwiDevelopes/Metode-Deeplearning-Snake-Visualisasi,JavaScript,2,strict_30d_1y_2025_03_04,strict_30d,strict_30d,0,0,1,0,0,0,0,0,2,0,0,1,1,5608,1,0,2,2.0,0.0,0
2025-04-01T07:37:53Z,alexgasconn/RaceTimePredictor,JavaScript,2,strict_30d_1y_2025_03_04,strict_30d,strict_30d,0,0,1,0,0,0,0,0,63,0,0,1,1,2676,0,0,63,63.0,0.0,0
2025-04-24T19:46:51Z,justhayato/net-react-app,JavaScript,2,strict_30d_1y_2025_03_04,strict_30d,strict_30d,0,0,1,0,0,0,0,0,0,0,0,0,1,5240,0,0,0,0.0,0.0,0
2025-03-04T10:22:01Z,coding-kitties/move-azure-machine-learning-model-to-registry,JavaScript,1,strict_30d_1y_2025_03_04,strict_30d,strict_30d,0,0,1,0,0,0,0,1,2,0,0,1,1,5551,0,0,2,2.0,0.0,0
2025-03-21T17:29:37Z,nicksakwa/Machine-Learning-with-Nodejs-and-TensorFlowJs,JavaScript,1,strict_30d_1y_2025_03_04,strict_30d,strict_30d,0,0,1,0,0,0,0,0,1,0,0,1,0,0,0,0,1,1.0,0.0,0
2025-03-05T12:03:07Z,coding-kitties/delete-azure-machine-learning-endpoint,JavaScript,1,strict_30d_1y_2025_03_04,strict_30d,strict_30d,0,0,1,0,0,0,0,1,2,0,0,1,1,5298,0,0,2,2.0,0.0,0
2025-03-08T07:53:33Z,SkulZOnTheYT/Si_LiCIK,JavaScript,1,strict_30d_1y_2025_03_04,strict_30d,strict_30d,0,0,1,0,0,0,0,0,58,0,3,4,1,1688,0,0,61,14.5,3.0,1
2025-03-05T11:13:06Z,coding-kitties/update-azure-machine-learning-endpoint,JavaScript,1,strict_30d_1y_2025_03_04,strict_30d,strict_30d,0,0,1,0,0,0,0,1,3,0,0,1,1,5440,0,0,3,3.0,0.0,0
2025-03-02T16:50:42Z,adinathyadav2002/Presentation-Attack-Detection,JavaScript,1,strict_30d_1y_2025_03_04,strict_30d,strict_30d,0,0,1,0,0,0,0,0,5,0,0,1,1,809,0,0,5,5.0,0.0,0
2025-03-22T20:16:30Z,notArkade/SENTINEL,JavaScript,1,strict_30d_1y_2025_03_04,strict_30d,strict_30d,0,0,1,0,0,0,0,0,13,0,0,1,1,180,1,0,13,13.0,0.0,0
2025-04-30T10:21:20Z,Chandra142/Oil-Spill-Detection,JavaScript,1,strict_30d_1y_2025_03_04,strict_30d,strict_30d,0,0,1,0,0,0,0,0,3,0,0,1,1,79,0,0,3,3.0,0.0,0
2025-03-19T11:02:25Z,nicolaiedith1891/Loan-Default-Project-with-Flask-and-React,JavaScript,1,strict_30d_1y_2025_03_04,strict_30d,strict_30d,0,0,1,0,0,0,0,0,5,0,0,1,1,3080,0,0,5,5.0,0.0,0
2025-04-17T05:32:38Z,Pu5hk4r/Javascript_DSA,JavaScript,1,strict_30d_1y_2025_03_04,strict_30d,strict_30d,0,0,1,0,0,0,0,0,5,0,0,1,1,4124,1,0,5,5.0,0.0,0
2025-04-28T22:23:22Z,Git0103/House_Price_Prediction,JavaScript,1,strict_30d_1y_2025_03_04,strict_30d,strict_30d,0,0,1,0,0,0,0,0,2,0,0,2,1,1070,0,0,2,1.0,0.0,0
2025-03-18T20:41:04Z,nicksakwa/MachineLearningwithTensorFlow.Js,JavaScript,1,strict_30d_1y_2025_03_04,strict_30d,strict_30d,0,0,1,0,0,0,0,0,5,0,0,1,0,0,0,0,5,5.0,0.0,0
2025-04-21T01:14:43Z,Mosespushpa/crop_yield_predictor,JavaScript,1,strict_30d_1y_2025_03_04,strict_30d,strict_30d,0,0,1,0,0,0,0,0,5,0,0,1,1,25,0,0,5,5.0,0.0,0
2025-03-09T10:18:55Z,anggamys/kecerdasan-buatan,JavaScript,1,strict_30d_1y_2025_03_04,strict_30d,strict_30d,0,0,1,0,0,0,0,0,3,0,0,1,1,1504,0,0,3,3.0,0.0,0
2025-04-07T10:23:00Z,CloudDevDan/dans-ai-terminology-tracker,JavaScript,1,strict_30d_1y_2025_03_04,strict_30d,strict_30d,0,0,1,0,0,0,0,0,11,0,0,1,1,6545,1,0,11,11.0,0.0,0
2025-03-09T08:19:28Z,AdityaPandey-DEV/disease-classification-ml,JavaScript,1,strict_30d_1y_2025_03_04,strict_30d,strict_30d,0,0,1,0,0,0,0,0,2,0,0,1,1,2140,0,0,2,2.0,0.0,0
2025-03-26T00:03:04Z,AhmedAbdulMalik/RealTimeCurrencyAuthentication,JavaScript,1,strict_30d_1y_2025_03_04,strict_30d,strict_30d,0,0,1,0,0,0,0,0,17,0,0,1,1,3405,0,0,17,17.0,0.0,0
2025-04-17T14:19:49Z,KUM-DICOLE/smart-predict,JavaScript,1,strict_30d_1y_2025_03_04,strict_30d,strict_30d,0,0,1,0,0,0,0,0,6,0,0,1,0,0,0,0,6,6.0,0.0,0
2025-04-11T13:30:42Z,sairam-peduri/LifeLine2,JavaScript,1,strict_30d_1y_2025_03_04,strict_30d,strict_30d,0,0,1,0,0,0,0,0,21,0,0,1,1,4,0,0,21,21.0,0.0,0
2025-03-13T15:46:07Z,xbeat/chat,JavaScript,1,strict_30d_1y_2025_03_04,strict_30d,strict_30d,0,0,1,0,0,0,0,0,196,0,2,1,1,809,0,0,198,196.0,2.0,1
2025-04-05T02:02:24Z,Iniolu/TIC-TAC-TOE,JavaScript,1,strict_30d_1y_2025_03_04,strict_30d,strict_30d,0,0,1,0,0,0,0,0,7,0,0,1,1,2459,0,0,7,7.0,0.0,0
2025-04-28T16:49:36Z,Pushpinder064/Analysisof_Investment,JavaScript,1,strict_30d_1y_2025_03_04,strict_30d,strict_30d,0,0,1,0,0,0,0,0,12,0,0,1,1,747,1,0,12,12.0,0.0,0
2025-03-06T21:38:38Z,Fiona1121/SONVE,JavaScript,1,strict_30d_1y_2025_03_04,strict_30d,strict_30d,0,0,1,0,0,0,0,0,7,0,0,1,1,4884,1,0,7,7.0,0.0,0
2025-03-03T12:25:06Z,shwetanaren/image-recognition_app,JavaScript,1,strict_30d_1y_2025_03_04,strict_30d,strict_30d,0,0,1,0,0,0,0,0,23,0,0,1,1,1017,0,0,23,23.0,0.0,0
2025-04-29T22:10:32Z,Sweta-biswas/AutoHire,JavaScript,1,strict_30d_1y_2025_03_04,strict_30d,strict_30d,0,0,1,0,0,0,0,0,5,0,0,1,1,1543,0,0,5,5.0,0.0,0
2025-03-15T09:39:55Z,Nemoxus/Sushruta,JavaScript,1,strict_30d_1y_2025_03_04,strict_30d,strict_30d,0,0,1,0,0,0,0,0,30,0,0,1,1,1110,0,0,30,30.0,0.0,0
2025-04-10T01:15:36Z,keys-i/COMP4702-demos,JavaScript,1,strict_30d_1y_2025_03_04,strict_30d,strict_30d,0,0,1,0,0,0,0,0,18,0,0,1,1,3359,0,0,18,18.0,0.0,0
2025-03-01T09:09:25Z,Husain8570/CodeTrack,JavaScript,1,strict_30d_1y_2025_03_04,strict_30d,strict_30d,0,0,1,0,0,0,0,0,19,0,0,1,0,0,0,0,19,19.0,0.0,0
2025-04-23T06:02:41Z,JoseManuelAroca/walgreen,JavaScript,1,strict_30d_1y_2025_03_04,strict_30d,strict_30d,0,0,1,0,0,0,0,0,7,0,0,2,1,7377,1,0,7,3.5,0.0,0
2025-04-21T14:29:05Z,sujalkamble007/Co2Predicts,JavaScript,1,strict_30d_1y_2025_03_04,strict_30d,strict_30d,0,0,1,0,0,0,0,0,1,0,0,1,1,1458,0,0,1,1.0,0.0,0
2025-03-23T20:43:10Z,hacagahasanli/genre-detection-app,JavaScript,1,strict_30d_1y_2025_03_04,strict_30d,strict_30d,0,0,1,0,0,0,0,0,2,0,0,1,1,463,0,0,2,2.0,0.0,0
2025-04-04T13:04:06Z,utkxrsh13/GWLP,JavaScript,1,strict_30d_1y_2025_03_04,strict_30d,strict_30d,0,0,1,0,0,0,0,0,9,0,2,2,1,18,0,0,11,4.5,2.0,1
2025-04-15T20:33:00Z,Rishabh-tesla-arc/AlgoTrade,JavaScript,1,strict_30d_1y_2025_03_04,strict_30d,strict_30d,0,0,1,0,0,0,0,0,8,0,0,1,1,6120,1,0,8,8.0,0.0,0
2025-04-08T18:16:52Z,kuldeepparmar246/plant-doctor,JavaScript,1,strict_30d_1y_2025_03_04,strict_30d,strict_30d,0,0,1,0,0,0,0,0,15,1,1,3,1,1662,0,0,17,5.0,1.0,1
2025-04-03T20:25:48Z,HMotez/MedClaimML,JavaScript,1,strict_30d_1y_2025_03_04,strict_30d,strict_30d,0,0,1,0,0,0,0,0,12,0,0,1,1,3080,1,0,12,12.0,0.0,0
2025-04-21T11:00:59Z,Ahmed-M-Fayad/theory-and-methods,JavaScript,1,strict_30d_1y_2025_03_04,strict_30d,strict_30d,0,0,1,0,0,0,0,0,4,0,0,1,1,721,0,0,4,4.0,0.0,0
2025-03-26T01:36:39Z,Chahd-TB/Perfume_Dashboard,JavaScript,1,strict_30d_1y_2025_03_04,strict_30d,strict_30d,0,0,1,0,0,0,0,0,2,0,0,1,0,0,0,0,2,2.0,0.0,0
2025-03-12T14:37:44Z,Jiayuuuuuuuuu/cryptbyte,JavaScript,1,strict_30d_1y_2025_03_04,strict_30d,strict_30d,0,0,1,0,0,0,0,0,143,0,0,2,1,2641,0,0,143,71.5,0.0,0
2025-04-12T08:04:48Z,Surath83/FoodieAi,JavaScript,1,strict_30d_1y_2025_03_04,strict_30d,strict_30d,0,0,1,0,0,0,0,0,19,0,0,1,1,4062,1,0,19,19.0,0.0,0
2025-04-04T15:32:41Z,saugat125/Production-Project,JavaScript,1,strict_30d_1y_2025_03_04,strict_30d,strict_30d,0,0,1,0,0,0,0,0,32,0,0,1,0,0,0,0,32,32.0,0.0,0
2025-04-28T21:01:50Z,hypernetix/lmstudio-go,Go,12,strict_30d_1y_2025_03_04,strict_30d,strict_30d,0,0,0,1,0,0,0,1,51,0,15,6,1,7410,1,0,66,8.5,15.0,1
2025-04-27T08:58:51Z,zasper-io/zasper-benchmark,Go,8,strict_30d_1y_2025_03_04,strict_30d,strict_30d,0,0,0,1,0,0,0,1,24,0,0,1,1,19371,1,0,24,24.0,0.0,0
2025-03-07T01:27:38Z,0xffffa/trader.fun,Go,3,strict_30d_1y_2025_03_04,strict_30d,strict_30d,0,0,0,1,0,0,0,0,2,0,0,2,1,795,0,0,2,1.0,0.0,0
2025-04-05T15:44:03Z,audi70r/goml,Go,3,strict_30d_1y_2025_03_04,strict_30d,strict_30d,0,0,0,1,0,0,0,0,7,0,0,1,1,18580,1,0,7,7.0,0.0,0
2025-04-13T19:39:39Z,ankush-003/godt,Go,1,strict_30d_1y_2025_03_04,strict_30d,strict_30d,0,0,0,1,0,0,0,0,8,0,0,1,1,1749,1,0,8,8.0,0.0,0
2025-04-01T12:05:22Z,deeeelin/SSIS-Dispatcher,Go,1,strict_30d_1y_2025_03_04,strict_30d,strict_30d,0,0,0,1,0,0,0,0,2,0,0,1,1,3556,0,0,2,2.0,0.0,0
2025-03-01T03:08:08Z,k4yt3x/ollamem,Go,1,strict_30d_1y_2025_03_04,strict_30d,strict_30d,0,0,0,1,0,0,0,0,0,0,0,0,1,3682,1,0,0,0.0,0.0,0
2025-03-26T05:34:04Z,uCarePwn/DNSObelisk,Other,1,strict_30d_1y_2025_03_04,strict_30d,strict_30d,0,0,0,0,0,0,1,0,0,0,0,0,1,6376,1,0,0,0.0,0.0,0
2025-03-26T10:00:38Z,Science-Club-UG-BioAI/EVA,Go,4,strict_30d_1y_2025_03_04,strict_30d,strict_30d,0,0,0,1,0,0,0,1,102,0,19,9,1,106,0,0,121,11.333333333333334,19.0,1
2025-03-30T01:33:56Z,Zhaoshan-Duan/nn-go,Go,2,strict_30d_1y_2025_03_04,strict_30d,strict_30d,0,0,0,1,0,0,0,0,0,0,0,0,0,0,0,0,0,0.0,0.0,0
2025-04-19T19:29:30Z,mrasif/neural-network-go,Go,1,strict_30d_1y_2025_03_04,strict_30d,strict_30d,0,0,0,1,0,0,0,0,18,0,2,1,1,1410,0,0,20,18.0,2.0,1
2025-04-11T22:21:44Z,aasm3535/simple_ai,Go,1,strict_30d_1y_2025_03_04,strict_30d,strict_30d,0,0,0,1,0,0,0,0,9,0,0,1,1,5824,1,0,9,9.0,0.0,0
2025-03-14T10:47:59Z,maleekali/LSTM_Vanilla_GoLang,Go,1,strict_30d_1y_2025_03_04,strict_30d,strict_30d,0,0,0,1,0,0,0,0,2,0,0,1,1,4751,0,0,2,2.0,0.0,0
2025-03-16T23:38:55Z,opencode-ai/opencode,Go,12764,strict_30d_1y_2025_03_04,strict_30d,strict_30d,1,0,0,1,0,0,0,1,53,6,9,4,1,3388,1,0,68,13.25,1.5,1
2025-03-19T07:21:26Z,maximhq/bifrost,Go,5346,strict_30d_1y_2025_03_04,strict_30d,strict_30d,1,0,0,1,0,0,0,1,2,0,0,1,1,6390,1,0,2,2.0,0.0,0
2025-03-10T17:37:36Z,claraverse-space/ClaraVerse,Go,3816,strict_30d_1y_2025_03_04,strict_30d,strict_30d,1,0,0,1,0,0,0,0,0,24,14,0,0,0,0,0,38,0.0,0.5833333333333334,1
2025-04-12T11:31:34Z,korotovsky/slack-mcp-server,Go,1635,strict_30d_1y_2025_03_04,strict_30d,strict_30d,1,0,0,1,0,0,0,0,37,2,1,1,1,8049,1,1,40,37.0,0.5,1
2025-03-21T16:25:56Z,gojue/moling,Go,335,strict_30d_1y_2025_03_04,strict_30d,strict_30d,1,0,0,1,0,0,0,1,63,5,26,2,1,4626,1,0,94,31.5,5.2,1
2025-03-10T15:57:54Z,liaotxcn/Weave,Go,324,strict_30d_1y_2025_03_04,strict_30d,strict_30d,1,0,0,1,0,0,0,0,0,0,0,0,0,0,0,0,0,0.0,0.0,0
2025-04-27T06:13:17Z,wangle201210/go-rag,Go,316,strict_30d_1y_2025_03_04,strict_30d,strict_30d,1,0,0,1,0,0,0,0,31,0,10,1,1,1623,1,0,41,31.0,10.0,1
2025-04-19T03:36:30Z,m-mizutani/gollem,Go,188,strict_30d_1y_2025_03_04,strict_30d,strict_30d,1,0,0,1,0,0,0,0,102,0,25,1,1,4377,1,0,127,102.0,25.0,1
2025-04-13T16:52:56Z,tuannvm/slack-mcp-client,Go,169,strict_30d_1y_2025_03_04,strict_30d,strict_30d,1,0,0,1,0,0,0,0,108,3,19,3,1,15209,1,0,130,36.0,6.333333333333333,1
2025-04-05T12:39:37Z,sammcj/mcp-devtools,Go,148,strict_30d_1y_2025_03_04,strict_30d,strict_30d,1,0,0,1,0,0,0,0,0,0,0,0,0,0,0,0,0,0.0,0.0,0
2025-04-02T13:57:50Z,ConAcademy/buttplug-mcp,Go,131,strict_30d_1y_2025_03_04,strict_30d,strict_30d,1,0,0,1,0,0,0,1,2,0,0,1,1,9333,0,0,2,2.0,0.0,0
2025-04-21T07:55:50Z,pottekkat/sandbox-mcp,Go,111,strict_30d_1y_2025_03_04,strict_30d,strict_30d,1,0,0,1,0,0,0,0,68,8,9,1,1,5931,1,0,85,68.0,1.125,1
2025-04-11T03:45:03Z,go-a2a/adk-go,Go,104,strict_30d_1y_2025_03_04,strict_30d,strict_30d,1,0,0,1,0,0,0,1,66,0,0,1,0,0,0,0,66,66.0,0.0,0
2025-03-31T07:56:24Z,epilande/codegrab,Go,93,strict_30d_1y_2025_03_04,strict_30d,strict_30d,1,0,0,1,0,0,0,0,43,7,6,3,1,16242,1,0,56,14.333333333333334,0.8571428571428571,1
2025-04-27T14:47:44Z,Sriram-PR/doc-scraper,Go,91,strict_30d_1y_2025_03_04,strict_30d,strict_30d,1,0,0,1,0,0,0,0,16,0,0,1,1,14866,1,0,16,16.0,0.0,0
2025-04-13T19:06:36Z,pancsta/secai,Go,86,strict_30d_1y_2025_03_04,strict_30d,strict_30d,1,0,0,1,0,0,0,0,5,0,0,1,1,12792,1,1,5,5.0,0.0,0
2025-03-19T06:05:52Z,seekrays/mcp-monitor,Go,83,strict_30d_1y_2025_03_04,strict_30d,strict_30d,1,0,0,1,0,0,0,1,8,0,1,2,1,2486,1,0,9,4.0,1.0,1
2025-04-11T23:03:46Z,The-Pocket/PocketFlow-Go,Go,72,strict_30d_1y_2025_03_04,strict_30d,strict_30d,1,0,0,1,0,0,0,1,3,0,0,1,1,3926,0,0,3,3.0,0.0,0
2025-03-14T15:44:36Z,MegaGrindStone/go-light-rag,Go,61,strict_30d_1y_2025_03_04,strict_30d,strict_30d,1,0,0,1,0,0,0,0,48,0,0,1,1,8184,1,0,48,48.0,0.0,0
2025-03-14T03:37:02Z,myysophia/OpsAgent,Go,50,strict_30d_1y_2025_03_04,strict_30d,strict_30d,1,0,0,1,0,0,0,0,22,0,14,1,1,15961,1,0,36,22.0,14.0,1
2025-03-18T00:07:28Z,eduardolat/openroutergo,Go,49,strict_30d_1y_2025_03_04,strict_30d,strict_30d,1,0,0,1,0,0,0,0,62,1,0,1,1,4728,1,0,63,62.0,0.0,0
2025-04-08T09:01:23Z,goplus/mcp,Go,49,strict_30d_1y_2025_03_04,strict_30d,strict_30d,1,0,0,1,0,0,0,1,127,0,63,2,1,2783,1,0,190,63.5,63.0,1
2025-04-08T02:51:52Z,scitix/arks,Go,48,strict_30d_1y_2025_03_04,strict_30d,strict_30d,0,0,0,1,0,0,0,1,83,1,36,4,1,7302,1,0,120,20.75,36.0,1
2025-04-27T05:47:13Z,Chen-speculation/auto-MCP-client,Go,47,strict_30d_1y_2025_03_04,strict_30d,strict_30d,0,0,0,1,0,0,0,0,5,0,0,1,1,7905,0,0,5,5.0,0.0,0
2025-04-06T10:26:21Z,8treenet/deeptrade,Go,46,strict_30d_1y_2025_03_04,strict_30d,strict_30d,0,0,0,1,0,0,0,0,0,0,0,0,0,0,0,0,0,0.0,0.0,0
2025-03-15T13:18:31Z,voocel/agentcore,Go,45,strict_30d_1y_2025_03_04,strict_30d,strict_30d,0,0,0,1,0,0,0,0,4,0,0,1,1,10921,0,0,4,4.0,0.0,0
2025-04-29T18:58:50Z,haileyok/dontshowmethis,Go,44,strict_30d_1y_2025_03_04,strict_30d,strict_30d,0,0,0,1,0,0,0,0,5,0,1,1,0,0,0,0,6,5.0,1.0,1
2025-03-26T06:08:34Z,gitsang/goldendict-llm,Go,41,strict_30d_1y_2025_03_04,strict_30d,strict_30d,0,0,0,1,0,0,0,0,23,1,0,1,1,829,1,0,24,23.0,0.0,0
2025-03-24T03:14:01Z,dingodb/dingospeed,Go,34,strict_30d_1y_2025_03_04,strict_30d,strict_30d,0,0,0,1,0,0,0,1,19,0,32,3,1,509,0,0,51,6.333333333333333,32.0,1
2025-03-20T02:09:02Z,Alcova-AI/perplexity-mcp,Go,30,strict_30d_1y_2025_03_04,strict_30d,strict_30d,0,0,0,1,0,0,0,1,7,0,2,1,1,3479,0,0,9,7.0,2.0,1
2025-04-29T18:28:15Z,llm-d/llm-d-model-service,Go,29,strict_30d_1y_2025_03_04,strict_30d,strict_30d,0,0,0,1,0,0,0,1,99,89,124,9,1,3828,1,0,312,11.0,1.3932584269662922,1
2025-04-02T02:10:00Z,nickpending/mcp-recon,Go,27,strict_30d_1y_2025_03_04,strict_30d,strict_30d,0,0,0,1,0,0,0,0,10,1,0,1,1,6372,1,0,11,10.0,0.0,0
2025-04-27T16:24:40Z,wealthy/wealthy-mcp,Go,27,strict_30d_1y_2025_03_04,strict_30d,strict_30d,0,0,0,1,0,0,0,1,6,0,14,1,1,4502,0,0,20,6.0,14.0,1
2025-03-06T14:30:46Z,maruel/genai,Go,27,strict_30d_1y_2025_03_04,strict_30d,strict_30d,0,0,0,1,0,0,0,0,193,0,0,1,1,8094,1,0,193,193.0,0.0,0
2025-03-03T13:20:42Z,alex-ilgayev/secfeed,Go,27,strict_30d_1y_2025_03_04,strict_30d,strict_30d,0,0,0,1,0,0,0,0,25,0,1,3,1,11406,1,0,26,8.333333333333334,1.0,1
2025-04-24T08:04:35Z,Fewsats/proxy402,Go,26,strict_30d_1y_2025_03_04,strict_30d,strict_30d,0,0,0,1,0,0,0,1,149,0,15,3,1,3607,0,0,164,49.666666666666664,15.0,1
2025-04-14T06:19:44Z,agent-protocol/adk-golang,Go,25,strict_30d_1y_2025_03_04,strict_30d,strict_30d,0,0,0,1,0,0,0,1,10,0,0,1,1,12,0,0,10,10.0,0.0,0
2025-04-14T18:53:42Z,SadikSunbul/gopilot,Go,25,strict_30d_1y_2025_03_04,strict_30d,strict_30d,0,0,0,1,0,0,0,0,34,4,3,2,1,7062,1,0,41,17.0,0.75,1
2025-04-24T14:53:52Z,NorskHelsenett/ollama-metrics,Go,25,strict_30d_1y_2025_03_04,strict_30d,strict_30d,0,0,0,1,0,0,0,1,7,0,0,1,1,2655,1,0,7,7.0,0.0,0
2025-03-14T10:40:40Z,SkySingh04/TracePR,Go,23,strict_30d_1y_2025_03_04,strict_30d,strict_30d,0,0,0,1,0,0,0,0,118,0,11,3,1,23375,0,0,129,39.333333333333336,11.0,1
2025-03-19T17:48:44Z,jasonmccallister/database-agent,Go,22,strict_30d_1y_2025_03_04,strict_30d,strict_30d,0,0,0,1,0,0,0,0,27,1,3,1,1,2133,0,1,31,27.0,3.0,1
2025-03-07T17:46:24Z,deadcodedump/expose,Go,20,strict_30d_1y_2025_03_04,strict_30d,strict_30d,0,0,0,1,0,0,0,1,38,0,0,2,1,2552,0,0,38,19.0,0.0,0
2025-04-02T07:28:09Z,wangle201210/chat-history,Go,20,strict_30d_1y_2025_03_04,strict_30d,strict_30d,0,0,0,1,0,0,0,0,3,1,0,1,1,1460,0,0,4,3.0,0.0,0
2025-04-12T04:30:45Z,nvcnvn/adk-golang,Go,19,strict_30d_1y_2025_03_04,strict_30d,strict_30d,0,0,0,1,0,0,0,0,31,1,0,1,1,4417,1,0,32,31.0,0.0,0
2025-04-16T04:29:07Z,RamboRogers/cyberai,Go,18,strict_30d_1y_2025_03_04,strict_30d,strict_30d,0,0,0,1,0,0,0,0,36,1,0,1,1,8528,1,0,37,36.0,0.0,0
2025-04-29T18:28:32Z,llm-d/llm-d-routing-sidecar,Go,17,strict_30d_1y_2025_03_04,strict_30d,strict_30d,0,0,0,1,0,0,0,1,70,7,23,5,1,4245,0,0,100,14.0,3.2857142857142856,1
2025-04-27T01:03:18Z,soub4i/kdebug-mcp,Go,16,strict_30d_1y_2025_03_04,strict_30d,strict_30d,0,0,0,1,0,0,0,0,6,0,0,1,1,4280,1,0,6,6.0,0.0,0
2025-04-03T09:26:59Z,firebolt-db/mcp-server,Go,15,strict_30d_1y_2025_03_04,strict_30d,strict_30d,0,0,0,1,0,0,0,1,20,0,22,4,1,5856,1,0,42,5.0,22.0,1
2025-04-18T06:31:11Z,HaveFunTech/saga-cli,Go,15,strict_30d_1y_2025_03_04,strict_30d,strict_30d,0,0,0,1,0,0,0,1,23,5,4,1,1,5610,0,0,32,23.0,0.8,1
2025-03-25T19:02:30Z,statico/llmscript,Go,15,strict_30d_1y_2025_03_04,strict_30d,strict_30d,0,0,0,1,0,0,0,0,114,0,0,1,1,5661,1,0,114,114.0,0.0,0
2025-04-09T02:32:46Z,holysoles/bot-wrangler-traefik-plugin,Go,14,strict_30d_1y_2025_03_04,strict_30d,strict_30d,0,0,0,1,0,0,0,0,18,9,6,1,1,9516,1,0,33,18.0,0.6666666666666666,1
2025-04-24T17:02:58Z,wunderkind2k1/ai-pdf-renamer,Go,14,strict_30d_1y_2025_03_04,strict_30d,strict_30d,0,0,0,1,0,0,0,0,30,0,12,2,1,8388,1,0,42,15.0,12.0,1
2025-03-15T17:00:28Z,petmal/MindTrial,Go,13,strict_30d_1y_2025_03_04,strict_30d,strict_30d,0,0,0,1,0,0,0,0,13,0,1,1,1,13631,1,0,14,13.0,1.0,1
2025-03-06T17:04:45Z,shaharia-lab/mcp-tools,Go,12,strict_30d_1y_2025_03_04,strict_30d,strict_30d,0,0,0,1,0,0,0,1,8,8,7,1,1,5045,0,0,23,8.0,0.875,1
2025-03-26T14:17:37Z,jakezegil/llmify,Go,12,strict_30d_1y_2025_03_04,strict_30d,strict_30d,0,0,0,1,0,0,0,0,38,0,0,1,1,7242,1,0,38,38.0,0.0,0
2025-03-12T09:53:58Z,zlsgo/zllm,Go,11,strict_30d_1y_2025_03_04,strict_30d,strict_30d,0,0,0,1,0,0,0,1,5,0,0,1,1,124,0,0,5,5.0,0.0,0
2025-03-22T17:59:28Z,rohansx/vgx,Go,11,strict_30d_1y_2025_03_04,strict_30d,strict_30d,0,0,0,1,0,0,0,0,8,0,0,1,1,4675,0,0,8,8.0,0.0,0
2025-04-11T12:19:11Z,kowalski-org/kowalski,Go,10,strict_30d_1y_2025_03_04,strict_30d,strict_30d,0,0,0,1,0,0,0,1,85,0,46,3,1,859,1,0,131,28.333333333333332,46.0,1
2025-03-01T23:03:27Z,bit8bytes/beago,Go,10,strict_30d_1y_2025_03_04,strict_30d,strict_30d,0,0,0,1,0,0,0,1,18,0,0,1,1,1876,0,0,18,18.0,0.0,0
2025-03-03T10:54:46Z,galalen/ckad-trainer,Go,10,strict_30d_1y_2025_03_04,strict_30d,strict_30d,0,0,0,1,0,0,0,0,2,0,0,1,1,1464,0,0,2,2.0,0.0,0
2025-04-22T15:52:19Z,veilm/hinata,Go,10,strict_30d_1y_2025_03_04,strict_30d,strict_30d,0,0,0,1,0,0,0,0,202,2,0,1,1,4444,1,0,204,202.0,0.0,0
2025-03-10T11:13:15Z,LLMPID/LLMPID-AS,Go,10,strict_30d_1y_2025_03_04,strict_30d,strict_30d,0,0,0,1,0,0,0,1,34,0,0,1,1,19069,1,1,34,34.0,0.0,0
2025-03-23T00:40:58Z,berkantay/mcprox,Go,10,strict_30d_1y_2025_03_04,strict_30d,strict_30d,0,0,0,1,0,0,0,0,6,0,0,1,1,5864,0,0,6,6.0,0.0,0
2025-03-12T12:49:08Z,upsun/whatsun,Go,10,strict_30d_1y_2025_03_04,strict_30d,strict_30d,0,0,0,1,0,0,0,1,18,0,0,2,1,1772,0,0,18,9.0,0.0,0
2025-04-10T19:00:02Z,contenox/agent,Go,10,strict_30d_1y_2025_03_04,strict_30d,strict_30d,0,0,0,1,0,0,0,1,0,0,0,0,0,0,0,0,0,0.0,0.0,0
2025-03-16T15:23:06Z,NexusForgeAI/Weave-Toolkit,Go,9,strict_30d_1y_2025_03_04,strict_30d,strict_30d,0,0,0,1,0,0,0,1,5,0,0,1,1,31,0,0,5,5.0,0.0,0
2025-04-17T09:26:08Z,kealuya/mcp-jina-ai,Go,9,strict_30d_1y_2025_03_04,strict_30d,strict_30d,0,0,0,1,0,0,0,0,4,0,0,1,1,2757,0,0,4,4.0,0.0,0
2025-03-27T19:03:58Z,lascauje/chamot,Go,8,strict_30d_1y_2025_03_04,strict_30d,strict_30d,0,0,0,1,0,0,0,0,1,0,0,1,1,2620,1,0,1,1.0,0.0,0
2025-04-15T01:40:36Z,sanspareilsmyn/historai,Go,8,strict_30d_1y_2025_03_04,strict_30d,strict_30d,0,0,0,1,0,0,0,0,13,0,3,1,1,11153,1,0,16,13.0,3.0,1
2025-04-23T14:41:06Z,MCPHubCloud/mcp-one,Go,8,strict_30d_1y_2025_03_04,strict_30d,strict_30d,0,0,0,1,0,0,0,1,3,0,0,2,1,1552,1,0,3,1.5,0.0,0
2025-04-01T07:29:53Z,saurabh0719/kiwi,Go,7,strict_30d_1y_2025_03_04,strict_30d,strict_30d,0,0,0,1,0,0,0,0,66,0,0,1,1,18611,1,0,66,66.0,0.0,0
2025-04-16T11:04:06Z,ngmisl/vibe-condom,Go,7,strict_30d_1y_2025_03_04,strict_30d,strict_30d,0,0,0,1,0,0,0,0,17,1,5,2,1,3284,1,0,23,8.5,5.0,1
2025-03-02T07:36:07Z,DFanso/commit-msg,Go,6,strict_30d_1y_2025_03_04,strict_30d,strict_30d,0,0,0,1,0,0,0,0,28,0,0,1,1,1370,1,0,28,28.0,0.0,0
2025-03-20T08:18:12Z,qiangmzsx/mcp-filesystem-server,Go,6,strict_30d_1y_2025_03_04,strict_30d,strict_30d,0,0,0,1,0,0,0,0,7,0,0,2,1,1035,0,0,7,3.5,0.0,0
2025-04-27T17:49:16Z,gunbun33/mcp-servers,Go,6,strict_30d_1y_2025_03_04,strict_30d,strict_30d,0,0,0,1,0,0,0,0,0,0,0,0,1,2979,0,0,0,0.0,0.0,0
2025-03-06T04:59:48Z,habiliai/agentruntime,Go,5,strict_30d_1y_2025_03_04,strict_30d,strict_30d,0,0,0,1,0,0,0,1,45,0,0,2,1,8434,1,0,45,22.5,0.0,0
2025-03-20T15:41:59Z,nezhafan/translate-cli,Go,5,strict_30d_1y_2025_03_04,strict_30d,strict_30d,0,0,0,1,0,0,0,0,16,0,0,1,1,1550,1,0,16,16.0,0.0,0
2025-03-22T03:03:49Z,sammcj/m2e,Go,5,strict_30d_1y_2025_03_04,strict_30d,strict_30d,0,0,0,1,0,0,0,0,2,0,0,1,1,3471,1,0,2,2.0,0.0,0
2025-03-08T15:46:37Z,boylegu/kernal-gpt,Go,5,strict_30d_1y_2025_03_04,strict_30d,strict_30d,0,0,0,1,0,0,0,0,22,2,6,2,1,3787,1,0,30,11.0,3.0,1
2025-03-03T08:19:36Z,bubustack/bobrapet,Go,5,strict_30d_1y_2025_03_04,strict_30d,strict_30d,0,0,0,1,0,0,0,1,0,0,0,0,0,0,0,0,0,0.0,0.0,0
2025-04-23T15:24:14Z,effective-security/gogentic,Go,4,strict_30d_1y_2025_03_04,strict_30d,strict_30d,0,0,0,1,0,0,0,1,20,0,22,1,1,28,0,0,42,20.0,22.0,1
2025-04-08T20:39:30Z,korchasa/speelka-agent,Go,4,strict_30d_1y_2025_03_04,strict_30d,strict_30d,0,0,0,1,0,0,0,0,38,14,10,2,1,15798,0,0,62,19.0,0.7142857142857143,1
2025-03-02T14:50:42Z,MrLemur/gitrewrite,Go,4,strict_30d_1y_2025_03_04,strict_30d,strict_30d,0,0,0,1,0,0,0,0,21,0,0,1,1,14058,1,0,21,21.0,0.0,0
2025-04-22T15:54:12Z,ISE-TU-Berlin/ReFaaS,Go,4,strict_30d_1y_2025_03_04,strict_30d,strict_30d,0,0,0,1,0,0,0,1,3,0,0,1,1,8271,1,0,3,3.0,0.0,0
2025-04-18T21:47:35Z,tejzpr/commitmonk,Go,4,strict_30d_1y_2025_03_04,strict_30d,strict_30d,0,0,0,1,0,0,0,0,8,0,0,1,1,2816,1,0,8,8.0,0.0,0
2025-04-21T13:52:54Z,Gelembjuk/cleverchatty-cli,Go,4,strict_30d_1y_2025_03_04,strict_30d,strict_30d,0,0,0,1,0,0,0,0,7,0,0,2,1,2744,0,0,7,3.5,0.0,0
2025-04-02T00:43:45Z,mopemope/quicknews,Go,4,strict_30d_1y_2025_03_04,strict_30d,strict_30d,0,0,0,1,0,0,0,0,142,0,1,2,1,5540,0,0,143,71.0,1.0,1
2025-03-01T03:02:55Z,arkflow-rs/arkflow,Rust,1281,strict_30d_1y_2025_03_04,strict_30d,strict_30d,1,0,0,0,1,0,0,1,112,9,149,2,1,5410,1,0,270,56.0,16.555555555555557,1
2025-03-23T06:07:12Z,SomeB1oody/RustyML,Rust,341,strict_30d_1y_2025_03_04,strict_30d,strict_30d,1,0,0,0,1,0,0,0,196,2,0,1,1,8103,1,0,198,196.0,0.0,0
2025-04-12T10:47:07Z,cool-japan/scirs,Rust,232,strict_30d_1y_2025_03_04,strict_30d,strict_30d,1,0,0,0,1,0,0,0,0,3,12,0,0,0,0,0,15,0.0,4.0,1
2025-04-17T07:01:15Z,cool-japan/numrs,Rust,47,strict_30d_1y_2025_03_04,strict_30d,strict_30d,0,0,0,0,1,0,0,0,0,0,0,0,0,0,0,0,0,0.0,0.0,0
2025-04-25T15:13:51Z,0xNaN/ngrep,Rust,47,strict_30d_1y_2025_03_04,strict_30d,strict_30d,0,0,0,0,1,0,0,0,6,0,0,1,1,45,0,0,6,6.0,0.0,0
2025-03-05T22:20:55Z,CogitatorTech/feature-factory,Rust,23,strict_30d_1y_2025_03_04,strict_30d,strict_30d,0,0,0,0,1,0,0,1,5,3,2,1,1,15492,1,0,10,5.0,0.6666666666666666,1
2025-03-31T19:10:14Z,IntelLabs/atlas-cli,Rust,22,strict_30d_1y_2025_03_04,strict_30d,strict_30d,0,0,0,0,1,0,0,1,1,0,0,1,1,732,1,0,1,1.0,0.0,0
2025-04-06T11:37:31Z,negativa-ai/negativa-ml,Rust,15,strict_30d_1y_2025_03_04,strict_30d,strict_30d,0,0,0,0,1,0,0,1,2,0,0,1,1,27,0,0,2,2.0,0.0,0
2025-03-05T13:13:34Z,lovechants/Aliyah,Rust,14,strict_30d_1y_2025_03_04,strict_30d,strict_30d,0,0,0,0,1,0,0,0,41,0,1,2,1,8587,1,0,42,20.5,1.0,1
2025-03-26T19:50:21Z,janhohenheim/share_wgpu_between_bevy_and_burn,Rust,14,strict_30d_1y_2025_03_04,strict_30d,strict_30d,0,0,0,0,1,0,0,0,0,0,0,0,1,208,0,0,0,0.0,0.0,0
2025-03-16T11:42:35Z,Ave-Sergeev/Tictonix,Rust,9,strict_30d_1y_2025_03_04,strict_30d,strict_30d,0,0,0,0,1,0,0,0,19,0,0,1,1,3799,1,0,19,19.0,0.0,0
2025-03-31T19:13:28Z,IntelLabs/atlas-c2pa-lib,Rust,5,strict_30d_1y_2025_03_04,strict_30d,strict_30d,0,0,0,0,1,0,0,1,1,0,0,1,1,732,1,0,1,1.0,0.0,0
2025-04-25T23:02:54Z,melizalde-ds/rust-ml-inference-api,Rust,5,strict_30d_1y_2025_03_04,strict_30d,strict_30d,0,0,0,0,1,0,0,0,13,0,6,1,1,2022,0,0,19,13.0,6.0,1
2025-03-19T18:02:09Z,OpenGnosis/bintensors,Rust,4,strict_30d_1y_2025_03_04,strict_30d,strict_30d,0,0,0,0,1,0,0,1,170,3,5,2,1,11520,1,0,178,85.0,1.6666666666666667,1
2025-03-09T10:49:41Z,kgarret4/ai_nanotech_sim,Other,2,strict_30d_1y_2025_03_04,strict_30d,strict_30d,0,0,0,0,0,0,1,0,0,0,0,0,1,786,0,0,0,0.0,0.0,0
2025-03-11T15:05:13Z,CharliVanNood/lythiai,Rust,2,strict_30d_1y_2025_03_04,strict_30d,strict_30d,0,0,0,0,1,0,0,0,10,0,0,1,1,39,0,0,10,10.0,0.0,0
2025-03-27T18:15:35Z,aarangop/rust-ml,Rust,2,strict_30d_1y_2025_03_04,strict_30d,strict_30d,0,0,0,0,1,0,0,0,40,5,2,2,1,6957,1,0,47,20.0,0.4,1
2025-03-08T23:15:50Z,Levi477/Ferrite,Rust,2,strict_30d_1y_2025_03_04,strict_30d,strict_30d,0,0,0,0,1,0,0,0,7,0,0,1,1,1880,1,0,7,7.0,0.0,0
2025-03-24T02:29:49Z,Tyrant7/Rust-NN,Rust,2,strict_30d_1y_2025_03_04,strict_30d,strict_30d,0,0,0,0,1,0,0,0,59,0,0,1,0,0,0,0,59,59.0,0.0,0
2025-03-25T15:55:57Z,tinylearnrs/tinylearn,Rust,1,strict_30d_1y_2025_03_04,strict_30d,strict_30d,0,0,0,0,1,0,0,1,18,0,5,1,1,239,0,0,23,18.0,5.0,1
2025-03-26T03:19:46Z,piderking/rml,Rust,1,strict_30d_1y_2025_03_04,strict_30d,strict_30d,0,0,0,0,1,0,0,0,39,0,1,1,1,71,0,0,40,39.0,1.0,1
2025-03-29T10:36:42Z,CiroBurro/NeoMatrix,Rust,1,strict_30d_1y_2025_03_04,strict_30d,strict_30d,0,0,0,0,1,0,0,0,22,0,0,1,0,0,0,0,22,22.0,0.0,0
2025-04-27T18:23:41Z,headStyleColorRed/rust-torch,Rust,1,strict_30d_1y_2025_03_04,strict_30d,strict_30d,0,0,0,0,1,0,0,0,2,0,0,1,1,1625,0,0,2,2.0,0.0,0
2025-03-28T14:11:13Z,GustavoWidman/ml-rust,Rust,1,strict_30d_1y_2025_03_04,strict_30d,strict_30d,0,0,0,0,1,0,0,0,4,0,0,1,1,6613,1,0,4,4.0,0.0,0
2025-04-07T01:10:04Z,keathmilligan/entext,Rust,1,strict_30d_1y_2025_03_04,strict_30d,strict_30d,0,0,0,0,1,0,0,0,1,0,0,1,1,2816,0,0,1,1.0,0.0,0
2025-03-16T00:02:01Z,creativedestroyermn/LOONAR-SCREECH,Rust,1,strict_30d_1y_2025_03_04,strict_30d,strict_30d,0,0,0,0,1,0,0,0,12,0,0,1,1,8455,1,0,12,12.0,0.0,0
2025-04-27T10:30:05Z,cropcrusaders/Rust-Spray,Rust,1,strict_30d_1y_2025_03_04,strict_30d,strict_30d,0,0,0,0,1,0,0,1,167,0,10,2,1,9673,1,0,177,83.5,10.0,1
2025-04-22T19:57:57Z,rust-dd/xor-neural-network,Rust,1,strict_30d_1y_2025_03_04,strict_30d,strict_30d,0,0,0,0,1,0,0,1,1,0,0,1,1,1430,1,0,1,1.0,0.0,0
2025-03-24T15:40:15Z,Depermitto/klaster,Rust,1,strict_30d_1y_2025_03_04,strict_30d,strict_30d,0,0,0,0,1,0,0,0,12,0,0,1,1,207,0,0,12,12.0,0.0,0
2025-03-25T12:09:15Z,iberniex/The-Core-Dump,Rust,1,strict_30d_1y_2025_03_04,strict_30d,strict_30d,0,0,0,0,1,0,0,0,15,0,0,1,1,1478,0,0,15,15.0,0.0,0
2025-04-09T10:52:34Z,mayocream/koharu,Rust,4499,strict_30d_1y_2025_03_04,strict_30d,strict_30d,1,0,0,0,1,0,0,0,212,6,2,4,1,3307,1,0,220,53.0,0.3333333333333333,1
2025-03-11T15:09:36Z,hellas-ai/catgrad,Rust,29,strict_30d_1y_2025_03_04,strict_30d,strict_30d,0,0,0,0,1,0,0,1,97,2,31,2,0,0,0,0,130,48.5,15.5,1
2025-03-01T19:28:38Z,TheMesocarp/koho,Rust,17,strict_30d_1y_2025_03_04,strict_30d,strict_30d,0,0,0,0,1,0,0,1,9,0,0,1,1,1383,0,0,9,9.0,0.0,0
2025-04-27T01:42:33Z,chitono/StuCrs,Rust,5,strict_30d_1y_2025_03_04,strict_30d,strict_30d,0,0,0,0,1,0,0,0,20,0,1,1,0,0,0,0,21,20.0,1.0,1
2025-03-13T22:37:19Z,norbertcygiert/AstraCompiler,Rust,5,strict_30d_1y_2025_03_04,strict_30d,strict_30d,0,0,0,0,1,0,0,0,21,0,0,1,1,969,0,0,21,21.0,0.0,0
2025-03-01T01:32:08Z,AgRenaud/burn-unet,Rust,5,strict_30d_1y_2025_03_04,strict_30d,strict_30d,0,0,0,0,1,0,0,0,9,1,1,1,1,767,0,0,11,9.0,1.0,1
2025-04-28T08:13:05Z,Ave-Sergeev/Orphan,Rust,4,strict_30d_1y_2025_03_04,strict_30d,strict_30d,0,0,0,0,1,0,0,0,3,0,0,1,1,2412,0,0,3,3.0,0.0,0
2025-04-10T05:52:39Z,Walker-00/rnn,Rust,3,strict_30d_1y_2025_03_04,strict_30d,strict_30d,0,0,0,0,1,0,0,0,66,0,0,1,1,18876,0,0,66,66.0,0.0,0
2025-04-19T07:50:30Z,miko-misa/rust_dl,Rust,1,strict_30d_1y_2025_03_04,strict_30d,strict_30d,0,0,0,0,1,0,0,0,2,1,0,1,0,0,0,0,3,2.0,0.0,0
2025-03-06T13:12:43Z,njaros/Multilayer-Perceptron,Rust,1,strict_30d_1y_2025_03_04,strict_30d,strict_30d,0,0,0,0,1,0,0,0,10,0,0,3,0,0,0,0,10,3.3333333333333335,0.0,0
2025-03-04T01:32:53Z,JANVI987654/flow,Rust,1,strict_30d_1y_2025_03_04,strict_30d,strict_30d,0,0,0,0,1,0,0,0,0,0,0,0,0,0,0,0,0,0.0,0.0,0
2025-04-28T21:42:50Z,msminhas93/ferric-micrograd,Rust,15,strict_30d_1y_2025_03_04,strict_30d,strict_30d,0,0,0,0,1,0,0,0,3,0,0,1,1,6510,1,0,3,3.0,0.0,0
2025-03-23T11:11:12Z,natsutteatsuiyone/neural-reversi,Rust,6,strict_30d_1y_2025_03_04,strict_30d,strict_30d,0,0,0,0,1,0,0,0,12,0,0,1,1,1741,1,0,12,12.0,0.0,0
2025-03-05T09:51:52Z,4xy0m/mnist-ai,Rust,3,strict_30d_1y_2025_03_04,strict_30d,strict_30d,0,0,0,0,1,0,0,0,0,0,0,0,0,0,0,0,0,0.0,0.0,0
2025-04-01T17:12:42Z,alternyxx/neuralnyx,Rust,2,strict_30d_1y_2025_03_04,strict_30d,strict_30d,0,0,0,0,1,0,0,0,34,0,0,1,1,4547,1,0,34,34.0,0.0,0
2025-04-10T15:12:37Z,GrgoMariani/mmnnrust,Rust,2,strict_30d_1y_2025_03_04,strict_30d,strict_30d,0,0,0,0,1,0,0,0,6,0,0,2,1,7360,0,0,6,3.0,0.0,0
2025-04-07T04:21:41Z,DriedYellowPeach/nn-rs,Rust,1,strict_30d_1y_2025_03_04,strict_30d,strict_30d,0,0,0,0,1,0,0,0,10,0,0,1,1,488,1,0,10,10.0,0.0,0
2025-04-28T21:49:40Z,TecnoSasso/RustAI,Rust,1,strict_30d_1y_2025_03_04,strict_30d,strict_30d,0,0,0,0,1,0,0,0,9,0,0,1,0,0,0,0,9,9.0,0.0,0
2025-03-02T22:25:25Z,Brymir7/rust-nn,Rust,1,strict_30d_1y_2025_03_04,strict_30d,strict_30d,0,0,0,0,1,0,0,0,32,0,0,1,0,0,0,0,32,32.0,0.0,0
2025-03-08T18:21:14Z,OffRange/neural_network,Rust,1,strict_30d_1y_2025_03_04,strict_30d,strict_30d,0,0,0,0,1,0,0,0,50,0,0,1,1,3308,0,0,50,50.0,0.0,0
2025-03-04T19:21:04Z,Schrankian/learn-ml,Rust,1,strict_30d_1y_2025_03_04,strict_30d,strict_30d,0,0,0,0,1,0,0,0,2,0,0,1,1,3683,0,0,2,2.0,0.0,0
2025-04-11T02:48:04Z,mediar-ai/terminator,Rust,1499,strict_30d_1y_2025_03_04,strict_30d,strict_30d,1,0,0,0,1,0,0,1,94,9,9,5,1,5393,1,0,112,18.8,1.0,1
2025-03-23T05:03:30Z,Xerxes-2/clewdr,Rust,1180,strict_30d_1y_2025_03_04,strict_30d,strict_30d,1,0,0,0,1,0,0,0,320,3,6,3,1,2405,0,0,329,106.66666666666667,2.0,1
2025-04-14T20:27:41Z,Helicone/ai-gateway,Rust,593,strict_30d_1y_2025_03_04,strict_30d,strict_30d,1,0,0,0,1,0,0,1,115,0,22,1,1,905,0,0,137,115.0,22.0,1
2025-04-01T21:44:02Z,genomoncology/biomcp,Rust,519,strict_30d_1y_2025_03_04,strict_30d,strict_30d,1,0,0,0,1,0,0,1,55,6,5,4,1,5384,1,0,66,13.75,0.8333333333333334,1
2025-03-19T09:00:50Z,lucasjinreal/Crane,Rust,398,strict_30d_1y_2025_03_04,strict_30d,strict_30d,1,0,0,0,1,0,0,0,33,6,0,2,1,7602,1,0,39,16.5,0.0,0
2025-03-26T00:15:21Z,Govcraft/rust-docs-mcp-server,Rust,278,strict_30d_1y_2025_03_04,strict_30d,strict_30d,1,0,0,0,1,0,0,1,70,1,1,3,1,13933,1,0,72,23.333333333333332,1.0,1
2025-04-22T17:55:10Z,LibreTranslate/LTEngine,Rust,150,strict_30d_1y_2025_03_04,strict_30d,strict_30d,1,0,0,0,1,0,0,1,41,0,1,2,1,5865,1,0,42,20.5,1.0,1
2025-04-08T07:28:11Z,terhechte/cursor-rust-tools,Rust,83,strict_30d_1y_2025_03_04,strict_30d,strict_30d,1,0,0,0,1,0,0,0,10,0,1,2,1,4136,1,0,11,5.0,1.0,1
2025-04-11T14:44:41Z,Reim-developer/Sephera,Rust,78,strict_30d_1y_2025_03_04,strict_30d,strict_30d,1,0,0,0,1,0,0,0,467,0,0,2,1,3744,1,0,467,233.5,0.0,0
2025-03-13T18:31:44Z,4t145/rmcp,Rust,71,strict_30d_1y_2025_03_04,strict_30d,strict_30d,1,0,0,0,1,0,0,0,95,21,18,5,1,6111,1,0,134,19.0,0.8571428571428571,1
2025-03-15T14:11:42Z,pansila/mcp_server_gdb,Rust,66,strict_30d_1y_2025_03_04,strict_30d,strict_30d,1,0,0,0,1,0,0,0,28,0,23,1,1,1849,0,0,51,28.0,23.0,1
2025-03-04T16:23:29Z,yarenty/kowalski,Rust,60,strict_30d_1y_2025_03_04,strict_30d,strict_30d,1,0,0,0,1,0,0,0,85,16,1,1,1,8596,1,0,102,85.0,0.0625,1
2025-03-20T03:10:44Z,dialogflowai/dialogflow,Rust,40,strict_30d_1y_2025_03_04,strict_30d,strict_30d,0,0,0,0,1,0,0,1,22,0,9,3,1,3974,1,1,31,7.333333333333333,9.0,1
2025-04-05T09:38:01Z,rodmarkun/flyllm,Rust,30,strict_30d_1y_2025_03_04,strict_30d,strict_30d,0,0,0,0,1,0,0,0,22,0,0,1,1,11810,1,0,22,22.0,0.0,0
2025-03-26T21:00:37Z,clifton/rstructor,Rust,27,strict_30d_1y_2025_03_04,strict_30d,strict_30d,0,0,0,0,1,0,0,0,30,0,5,1,1,18816,1,0,35,30.0,5.0,1
2025-04-15T18:20:52Z,Alex-Programs/nuenki-consensus-translate,Rust,27,strict_30d_1y_2025_03_04,strict_30d,strict_30d,0,0,0,0,1,0,0,0,23,0,0,1,1,190,0,0,23,23.0,0.0,0
2025-03-15T15:35:36Z,wgmath/wgml,Rust,26,strict_30d_1y_2025_03_04,strict_30d,strict_30d,0,0,0,0,1,0,0,1,4,0,0,1,1,44,0,0,4,4.0,0.0,0
2025-03-01T03:41:43Z,DevsHero/leptos_portfolio_admin,Rust,24,strict_30d_1y_2025_03_04,strict_30d,strict_30d,0,0,0,0,1,0,0,1,61,0,0,1,1,4965,0,0,61,61.0,0.0,0
2025-04-10T17:24:31Z,Rayato159/your-money-left-the-chat,Rust,23,strict_30d_1y_2025_03_04,strict_30d,strict_30d,0,0,0,0,1,0,0,0,27,0,1,2,1,3330,1,1,28,13.5,1.0,1
2025-03-11T18:25:06Z,darkautism/llmserver-rs,Rust,21,strict_30d_1y_2025_03_04,strict_30d,strict_30d,0,0,0,0,1,0,0,0,17,1,1,2,1,5734,1,0,19,8.5,1.0,1
2025-04-10T06:50:56Z,Harry-027/JotDown,Rust,21,strict_30d_1y_2025_03_04,strict_30d,strict_30d,0,0,0,0,1,0,0,0,24,0,0,1,1,4346,1,0,24,24.0,0.0,0
2025-03-23T10:55:35Z,oramasearch/llm_json,Rust,17,strict_30d_1y_2025_03_04,strict_30d,strict_30d,0,0,0,0,1,0,0,1,6,0,0,3,0,0,0,0,6,2.0,0.0,0
2025-04-04T13:31:29Z,dcdpr/jp,Rust,14,strict_30d_1y_2025_03_04,strict_30d,strict_30d,0,0,0,0,1,0,0,0,40,0,4,1,1,1691,0,0,44,40.0,4.0,1
2025-03-15T10:00:36Z,aws-samples/sample-serverless-llama-server,Rust,13,strict_30d_1y_2025_03_04,strict_30d,strict_30d,0,0,0,0,1,0,0,1,16,0,1,1,1,8713,0,0,17,16.0,1.0,1
2025-04-21T20:30:14Z,divanvisagie/reservoir,Rust,13,strict_30d_1y_2025_03_04,strict_30d,strict_30d,0,0,0,0,1,0,0,0,91,11,2,1,1,8774,1,0,104,91.0,0.18181818181818182,1
2025-03-27T18:55:10Z,colliery-io/muninn,Rust,13,strict_30d_1y_2025_03_04,strict_30d,strict_30d,0,0,0,0,1,0,0,1,0,7,0,0,0,0,0,0,7,0.0,0.0,0
2025-03-22T08:05:09Z,kb10uy/llm-natsuki-bot,Rust,12,strict_30d_1y_2025_03_04,strict_30d,strict_30d,0,0,0,0,1,0,0,0,282,1,23,1,1,200,0,0,306,282.0,23.0,1
2025-03-18T06:10:01Z,braincore/hai-cli,Rust,12,strict_30d_1y_2025_03_04,strict_30d,strict_30d,0,0,0,0,1,0,0,0,75,0,0,1,1,24005,1,0,75,75.0,0.0,0
2025-03-03T16:44:52Z,luckenco/rsai,Rust,9,strict_30d_1y_2025_03_04,strict_30d,strict_30d,0,0,0,0,1,0,0,0,22,0,1,1,1,1527,0,0,23,22.0,1.0,1
2025-03-10T20:52:31Z,sgrowe/aider-script,Rust,8,strict_30d_1y_2025_03_04,strict_30d,strict_30d,0,0,0,0,1,0,0,0,45,0,1,1,1,3952,0,0,46,45.0,1.0,1
2025-03-17T06:42:25Z,Graf2112/Open-AI-API-Telegram-Bot,Rust,8,strict_30d_1y_2025_03_04,strict_30d,strict_30d,0,0,0,0,1,0,0,0,25,0,0,1,1,1400,0,0,25,25.0,0.0,0
2025-03-30T10:28:37Z,evgenyigumnov/ai-agent-telegram-bot,Rust,8,strict_30d_1y_2025_03_04,strict_30d,strict_30d,0,0,0,0,1,0,0,0,24,0,0,1,1,5749,0,0,24,24.0,0.0,0
2025-03-28T06:50:47Z,shenxiangzhuang/aic,Rust,7,strict_30d_1y_2025_03_04,strict_30d,strict_30d,0,0,0,0,1,0,0,0,88,7,35,3,1,9857,1,0,130,29.333333333333332,5.0,1
2025-04-28T11:28:45Z,querymt/querymt,Rust,6,strict_30d_1y_2025_03_04,strict_30d,strict_30d,0,0,0,0,1,0,0,1,22,7,1,1,1,141,0,0,30,22.0,0.14285714285714285,1
2025-04-03T13:30:26Z,kentaojapi/shiitake-uranai-mcp,Rust,6,strict_30d_1y_2025_03_04,strict_30d,strict_30d,0,0,0,0,1,0,0,0,4,0,0,1,1,1992,0,0,4,4.0,0.0,0
2025-04-05T16:07:33Z,AspadaX/secretary,Rust,5,strict_30d_1y_2025_03_04,strict_30d,strict_30d,0,0,0,0,1,0,0,0,11,1,2,1,1,63,0,0,14,11.0,2.0,1
2025-03-16T04:29:22Z,josehu07/codetective,Rust,5,strict_30d_1y_2025_03_04,strict_30d,strict_30d,0,0,0,0,1,0,0,0,31,0,0,1,1,1151,1,0,31,31.0,0.0,0
2025-03-05T13:20:03Z,kenyiu/llmpeg-rs,Rust,5,strict_30d_1y_2025_03_04,strict_30d,strict_30d,0,0,0,0,1,0,0,0,15,0,0,1,1,2162,1,0,15,15.0,0.0,0
2025-04-08T18:06:11Z,Rayato159/sol-chad-mcp,Rust,5,strict_30d_1y_2025_03_04,strict_30d,strict_30d,0,0,0,0,1,0,0,0,9,0,0,1,1,1999,1,0,9,9.0,0.0,0
2025-03-30T11:29:25Z,atrtde/feedyourai,Rust,4,strict_30d_1y_2025_03_04,strict_30d,strict_30d,0,0,0,0,1,0,0,0,56,2,0,1,1,2399,0,0,58,56.0,0.0,0
2025-04-23T16:17:59Z,Gerome-Elassaad/lsp-agent,Rust,4,strict_30d_1y_2025_03_04,strict_30d,strict_30d,0,0,0,0,1,0,0,0,2,1,0,1,1,5220,1,0,3,2.0,0.0,0
2025-04-19T08:48:04Z,vinodnimbalkar/gcm,Rust,4,strict_30d_1y_2025_03_04,strict_30d,strict_30d,0,0,0,0,1,0,0,0,23,0,5,1,1,6188,1,0,28,23.0,5.0,1
2025-03-03T21:27:55Z,ethereumdegen/mcp-rs,Rust,3,strict_30d_1y_2025_03_04,strict_30d,strict_30d,0,0,0,0,1,0,0,0,3,0,0,1,1,4787,0,0,3,3.0,0.0,0
2025-03-08T02:39:13Z,robert-at-pretension-io/yet_another_llm_project_but_better,Rust,3,strict_30d_1y_2025_03_04,strict_30d,strict_30d,0,0,0,0,1,0,0,0,683,0,0,3,1,9640,0,0,683,227.66666666666666,0.0,0
2025-04-24T15:27:11Z,jeffskafi/llm-firewall,Rust,3,strict_30d_1y_2025_03_04,strict_30d,strict_30d,0,0,0,0,1,0,0,0,5,0,0,1,0,0,0,0,5,5.0,0.0,0
2025-04-29T03:18:55Z,vvlookman/aiter,Rust,3,strict_30d_1y_2025_03_04,strict_30d,strict_30d,0,0,0,0,1,0,0,0,52,0,0,1,1,2696,1,0,52,52.0,0.0,0
2025-04-15T08:22:53Z,NishantJoshi00/marky,Rust,3,strict_30d_1y_2025_03_04,strict_30d,strict_30d,0,0,0,0,1,0,0,0,18,0,0,1,1,8565,1,0,18,18.0,0.0,0
2025-04-05T07:46:37Z,Rayato159/persona-4-golden-mcp-real-time-hacking,Rust,3,strict_30d_1y_2025_03_04,strict_30d,strict_30d,0,0,0,0,1,0,0,0,3,0,0,1,1,1200,1,0,3,3.0,0.0,0
2025-04-09T18:24:55Z,duggal1/supercrawler,Rust,3,strict_30d_1y_2025_03_04,strict_30d,strict_30d,0,0,0,0,1,0,0,0,21,0,0,1,0,0,0,0,21,21.0,0.0,0
2025-04-16T01:19:56Z,hoangsonww/EstateWise-Chapel-Hill-Chatbot,TypeScript,31,strict_30d_1y_2025_03_04,strict_30d,strict_30d,0,0,0,0,0,1,0,0,134,0,1,1,1,29039,1,0,135,134.0,1.0,1
2025-04-09T00:02:35Z,CambrianTech/continuum,TypeScript,22,strict_30d_1y_2025_03_04,strict_30d,strict_30d,0,0,0,0,0,1,0,1,107,0,51,2,1,8776,1,0,158,53.5,51.0,1
2025-04-01T10:15:51Z,tcsenpai/shellquest,TypeScript,21,strict_30d_1y_2025_03_04,strict_30d,strict_30d,0,0,0,0,0,1,0,0,4,2,1,2,1,3361,1,0,7,2.0,0.5,1
2025-04-12T17:59:56Z,kavya-r30/ThreatShield,TypeScript,15,strict_30d_1y_2025_03_04,strict_30d,strict_30d,0,0,0,0,0,1,0,0,7,0,0,1,1,12,0,0,7,7.0,0.0,0
2025-03-14T15:43:36Z,Faceplugin-ltd/FaceRecognition-React-Native,TypeScript,14,strict_30d_1y_2025_03_04,strict_30d,strict_30d,0,0,0,0,0,1,0,1,6,1,0,2,1,6187,1,0,7,3.0,0.0,0
2025-04-07T19:17:29Z,lewiii254/shamba-smart-scan,TypeScript,10,strict_30d_1y_2025_03_04,strict_30d,strict_30d,0,0,0,0,0,1,0,0,49,0,0,2,1,5361,1,0,49,24.5,0.0,0
2025-03-14T06:47:19Z,svenhven/nexus-ai,TypeScript,8,strict_30d_1y_2025_03_04,strict_30d,strict_30d,0,0,0,0,0,1,0,0,3,1,0,1,1,4348,1,0,4,3.0,0.0,0
2025-04-09T20:26:08Z,Hariharanpugazh/Agentic-AI,TypeScript,8,strict_30d_1y_2025_03_04,strict_30d,strict_30d,0,0,0,0,0,1,0,0,3,0,0,1,0,0,0,0,3,3.0,0.0,0
2025-03-26T15:23:11Z,dtoyoda10/crypto-forcast,TypeScript,7,strict_30d_1y_2025_03_04,strict_30d,strict_30d,0,0,0,0,0,1,0,0,10,0,5,1,1,2314,1,0,15,10.0,5.0,1
2025-03-05T20:00:53Z,nawabsahab16/ancestral-ai,TypeScript,7,strict_30d_1y_2025_03_04,strict_30d,strict_30d,0,0,0,0,0,1,0,0,11,0,1,1,1,4060,1,0,12,11.0,1.0,1
2025-03-18T23:52:44Z,nawabsahab16/spamguard,TypeScript,7,strict_30d_1y_2025_03_04,strict_30d,strict_30d,0,0,0,0,0,1,0,0,5,0,1,1,1,2744,1,0,6,5.0,1.0,1
2025-03-09T13:19:33Z,4mirfar/SearchBasedRAG,TypeScript,7,strict_30d_1y_2025_03_04,strict_30d,strict_30d,0,0,0,0,0,1,0,0,16,0,0,2,1,4479,0,0,16,8.0,0.0,0
2025-03-25T21:16:09Z,gtoto007/toto-ai-translator,TypeScript,5,strict_30d_1y_2025_03_04,strict_30d,strict_30d,0,0,0,0,0,1,0,0,23,0,0,1,1,2886,1,0,23,23.0,0.0,0
2025-04-04T10:19:46Z,AyushSingh360/Cat-Dog-Classifier,TypeScript,5,strict_30d_1y_2025_03_04,strict_30d,strict_30d,0,0,0,0,0,1,0,0,8,0,1,1,1,1269,0,0,9,8.0,1.0,1
2025-04-04T15:41:30Z,AyushSingh360/Linear-Regression-Health-Costs-Calculator,TypeScript,5,strict_30d_1y_2025_03_04,strict_30d,strict_30d,0,0,0,0,0,1,0,0,7,0,0,1,1,1081,0,0,7,7.0,0.0,0
2025-04-26T00:08:05Z,loftwah/techdeck-academy,TypeScript,5,strict_30d_1y_2025_03_04,strict_30d,strict_30d,0,0,0,0,0,1,0,0,167,0,2,2,1,10840,1,0,169,83.5,2.0,1
2025-03-14T08:24:47Z,isaacus-dev/isaacus-typescript,TypeScript,5,strict_30d_1y_2025_03_04,strict_30d,strict_30d,0,0,0,0,0,1,0,1,54,0,41,2,1,13187,1,0,95,27.0,41.0,1
2025-03-14T17:04:42Z,PeakScripter/Neural-Visualizer,TypeScript,5,strict_30d_1y_2025_03_04,strict_30d,strict_30d,0,0,0,0,0,1,0,0,5,0,0,1,1,1900,1,0,5,5.0,0.0,0
2025-03-19T21:05:52Z,shtse8/DeepResearch,TypeScript,5,strict_30d_1y_2025_03_04,strict_30d,strict_30d,0,0,0,0,0,1,0,0,10,0,1,1,1,8367,1,0,11,10.0,1.0,1
2025-04-04T16:38:48Z,AyushSingh360/Neural-Network-SMS-Text-Classifier,TypeScript,5,strict_30d_1y_2025_03_04,strict_30d,strict_30d,0,0,0,0,0,1,0,0,11,0,1,1,1,2510,0,0,12,11.0,1.0,1
2025-03-17T12:01:21Z,AI-change-the-world/AutoML-Studio,TypeScript,4,strict_30d_1y_2025_03_04,strict_30d,strict_30d,0,0,0,0,0,1,0,1,39,0,0,1,1,134,1,0,39,39.0,0.0,0
2025-04-04T13:01:11Z,jeswanth1212/Aura_Plus,TypeScript,4,strict_30d_1y_2025_03_04,strict_30d,strict_30d,0,0,0,0,0,1,0,0,1,0,0,1,1,2921,0,0,1,1.0,0.0,0
2025-03-14T23:24:44Z,TecMrDocs/Cropopoly3-WhisperTrend,TypeScript,4,strict_30d_1y_2025_03_04,strict_30d,strict_30d,0,0,0,0,0,1,0,1,3,0,0,2,1,1530,0,0,3,1.5,0.0,0
2025-04-13T17:34:18Z,khushiiagrawal/3RVision,TypeScript,4,strict_30d_1y_2025_03_04,strict_30d,strict_30d,0,0,0,0,0,1,0,0,38,20,5,2,1,4480,1,0,63,19.0,0.25,1
2025-04-29T04:18:35Z,abhiram-ar/humane-backend,TypeScript,4,strict_30d_1y_2025_03_04,strict_30d,strict_30d,0,0,0,0,0,1,0,0,206,0,17,1,1,685,0,0,223,206.0,17.0,1
2025-04-25T01:11:58Z,thomasnynas12/fursuit-detector-web,TypeScript,4,strict_30d_1y_2025_03_04,strict_30d,strict_30d,0,0,0,0,0,1,0,0,0,0,0,0,1,1585,1,1,0,0.0,0.0,0
2025-03-25T11:37:52Z,frostbyte012/Gemma-Studio,TypeScript,3,strict_30d_1y_2025_03_04,strict_30d,strict_30d,0,0,0,0,0,1,0,0,5,0,0,1,1,7677,0,0,5,5.0,0.0,0
2025-04-18T10:27:25Z,BikramMondal5/MediVerify,TypeScript,3,strict_30d_1y_2025_03_04,strict_30d,strict_30d,0,0,0,0,0,1,0,0,24,0,0,5,1,3183,0,0,24,4.8,0.0,0
2025-03-27T21:20:55Z,HappyDevs1/fintrackr,TypeScript,3,strict_30d_1y_2025_03_04,strict_30d,strict_30d,0,0,0,0,0,1,0,0,32,0,0,1,1,2341,1,0,32,32.0,0.0,0
2025-04-04T00:07:08Z,BathSalt-2/MetaModelMaker,TypeScript,3,strict_30d_1y_2025_03_04,strict_30d,strict_30d,0,0,0,0,0,1,0,0,1,0,0,1,1,1600,0,0,1,1.0,0.0,0
2025-04-06T10:57:07Z,Yashparmar1125/StockSage-AI,TypeScript,3,strict_30d_1y_2025_03_04,strict_30d,strict_30d,0,0,0,0,0,1,0,0,1,0,0,1,1,8713,1,0,1,1.0,0.0,0
2025-03-27T08:02:06Z,Yagna123k/Fresh-Farm-AI,TypeScript,3,strict_30d_1y_2025_03_04,strict_30d,strict_30d,0,0,0,0,0,1,0,0,8,0,1,2,1,4851,0,0,9,4.0,1.0,1
2025-03-20T00:25:41Z,LuisMarchio03/aloy-desktop-electron-v1,TypeScript,3,strict_30d_1y_2025_03_04,strict_30d,strict_30d,0,0,0,0,0,1,0,0,12,0,0,2,1,2659,0,0,12,6.0,0.0,0
2025-04-20T19:08:20Z,KDS2383/earth-bloom-precision-agri,TypeScript,3,strict_30d_1y_2025_03_04,strict_30d,strict_30d,0,0,0,0,0,1,0,0,65,0,10,4,1,2102,0,0,75,16.25,10.0,1
2025-04-18T08:23:18Z,SeyedTahaKhademi/machineLearningTypeScript-tfjs,TypeScript,2,strict_30d_1y_2025_03_04,strict_30d,strict_30d,0,0,0,0,0,1,0,0,3,0,0,1,1,901,0,0,3,3.0,0.0,0
2025-03-28T09:18:05Z,junkymonky/fraud-detection-system-AFDS-,TypeScript,2,strict_30d_1y_2025_03_04,strict_30d,strict_30d,0,0,0,0,0,1,0,0,7,0,1,2,1,1908,0,0,8,3.5,1.0,1
2025-04-22T18:42:22Z,idanidan29/Machine_Learning_Visualizer,TypeScript,2,strict_30d_1y_2025_03_04,strict_30d,strict_30d,0,0,0,0,0,1,0,0,29,0,0,1,1,2968,0,0,29,29.0,0.0,0
2025-04-21T18:11:19Z,Gowtham0810-hype/ML-VIS,TypeScript,2,strict_30d_1y_2025_03_04,strict_30d,strict_30d,0,0,0,0,0,1,0,0,23,0,0,1,1,1674,1,0,23,23.0,0.0,0
2025-04-04T16:59:35Z,Js0326/Cognitive_Fatigue_Detection,TypeScript,2,strict_30d_1y_2025_03_04,strict_30d,strict_30d,0,0,0,0,0,1,0,0,28,0,0,1,1,3149,0,0,28,28.0,0.0,0
2025-03-14T14:48:53Z,RohitPithani026/Exploratory_Planet_Analysis,TypeScript,2,strict_30d_1y_2025_03_04,strict_30d,strict_30d,0,0,0,0,0,1,0,0,50,0,1,1,1,4060,0,0,51,50.0,1.0,1
2025-03-28T09:16:46Z,N2FlowJS/nbase,TypeScript,2,strict_30d_1y_2025_03_04,strict_30d,strict_30d,0,0,0,0,0,1,0,1,22,0,0,1,1,7695,1,0,22,22.0,0.0,0
2025-03-25T05:24:46Z,Ahmadyasin1/Prostate-Cancer-Detection,TypeScript,2,strict_30d_1y_2025_03_04,strict_30d,strict_30d,0,0,0,0,0,1,0,0,2,0,0,1,1,4077,1,0,2,2.0,0.0,0
2025-04-17T20:43:10Z,jeremymartinezq/AI-Red-Team-WebApp,TypeScript,2,strict_30d_1y_2025_03_04,strict_30d,strict_30d,0,0,0,0,0,1,0,0,5,0,0,1,1,2764,1,0,5,5.0,0.0,0
2025-04-30T12:55:34Z,pratyush0898/hadi-portfolio,TypeScript,2,strict_30d_1y_2025_03_04,strict_30d,strict_30d,0,0,0,0,0,1,0,0,5,0,0,1,1,1803,0,0,5,5.0,0.0,0
2025-03-20T01:03:47Z,felitrejos/spotify-tracker,TypeScript,2,strict_30d_1y_2025_03_04,strict_30d,strict_30d,0,0,0,0,0,1,0,0,57,0,3,3,1,7008,0,0,60,19.0,3.0,1
2025-03-31T05:23:47Z,aditya4232/SafeBite-V1,TypeScript,2,strict_30d_1y_2025_03_04,strict_30d,strict_30d,0,0,0,0,0,1,0,0,51,0,0,2,1,7498,0,0,51,25.5,0.0,0
2025-04-30T14:46:14Z,mollybeach/farmdogai,TypeScript,2,strict_30d_1y_2025_03_04,strict_30d,strict_30d,0,0,0,0,0,1,0,0,30,0,0,1,1,2206,0,0,30,30.0,0.0,0
2025-03-04T15:43:57Z,foxnaim/AI-Trend-Analytics,TypeScript,2,strict_30d_1y_2025_03_04,strict_30d,strict_30d,0,0,0,0,0,1,0,0,18,0,0,1,1,1471,0,0,18,18.0,0.0,0
2025-03-23T22:08:23Z,Haseeb-Arshad/dialogflow-form,TypeScript,2,strict_30d_1y_2025_03_04,strict_30d,strict_30d,0,0,0,0,0,1,0,0,5,0,0,1,1,8153,1,0,5,5.0,0.0,0
2025-03-15T02:12:56Z,zion-pulapakura/chattergpt,TypeScript,2,strict_30d_1y_2025_03_04,strict_30d,strict_30d,0,0,0,0,0,1,0,0,42,0,0,1,0,0,0,0,42,42.0,0.0,0
2025-03-28T16:30:27Z,mahshid1378/tts-generation-webui,TypeScript,2,strict_30d_1y_2025_03_04,strict_30d,strict_30d,0,0,0,0,0,1,0,0,34,0,0,1,1,25338,1,0,34,34.0,0.0,0
2025-04-27T14:29:56Z,davin-manzi/rozhak.dev,TypeScript,1,strict_30d_1y_2025_03_04,strict_30d,strict_30d,0,0,0,0,0,1,0,0,0,0,0,0,1,1800,1,0,0,0.0,0.0,0
2025-04-26T04:39:04Z,surya-madhav/AWS-MLOps-Mentor,TypeScript,1,strict_30d_1y_2025_03_04,strict_30d,strict_30d,0,0,0,0,0,1,0,0,15,1,0,1,1,14883,1,0,16,15.0,0.0,0
2025-04-26T10:55:56Z,senath112/CoralSafe,TypeScript,1,strict_30d_1y_2025_03_04,strict_30d,strict_30d,0,0,0,0,0,1,0,0,131,4,6,1,1,4817,1,0,141,131.0,1.5,1
2025-04-23T15:51:06Z,Code-Ph0enix/VeriNews,TypeScript,1,strict_30d_1y_2025_03_04,strict_30d,strict_30d,0,0,0,0,0,1,0,0,28,0,0,1,1,4590,1,0,28,28.0,0.0,0
2025-03-22T06:51:51Z,sharibmasum/SmartCart,TypeScript,1,strict_30d_1y_2025_03_04,strict_30d,strict_30d,0,0,0,0,0,1,0,0,15,0,0,1,1,7827,1,1,15,15.0,0.0,0
2025-04-29T07:23:57Z,karancodex/AI-Chat-Assistant-Open-AI,TypeScript,1,strict_30d_1y_2025_03_04,strict_30d,strict_30d,0,0,0,0,0,1,0,0,9,0,2,2,1,2963,0,0,11,4.5,2.0,1
2025-03-23T00:10:43Z,tirth8205/my-portfolio,TypeScript,1,strict_30d_1y_2025_03_04,strict_30d,strict_30d,0,0,0,0,0,1,0,0,0,0,0,0,0,0,0,0,0,0.0,0.0,0
2025-04-25T16:04:59Z,brownbeardeveloper/cnn_mnist_fullstack_1.0,TypeScript,1,strict_30d_1y_2025_03_04,strict_30d,strict_30d,0,0,0,0,0,1,0,0,1,0,0,1,1,2245,1,0,1,1.0,0.0,0
2025-04-05T12:08:41Z,heart-ia/heart-ia-app,TypeScript,1,strict_30d_1y_2025_03_04,strict_30d,strict_30d,0,0,0,0,0,1,0,1,18,5,8,1,1,5660,1,0,31,18.0,1.6,1
2025-03-14T06:53:18Z,tony219y/LivenessDetection-Frontend,TypeScript,1,strict_30d_1y_2025_03_04,strict_30d,strict_30d,0,0,0,0,0,1,0,0,8,0,0,1,1,1395,0,0,8,8.0,0.0,0
2025-04-22T18:30:14Z,shubham5027/GovNews360-AI-Smart-Governance-through-News-Intelligence,TypeScript,1,strict_30d_1y_2025_03_04,strict_30d,strict_30d,0,0,0,0,0,1,0,0,3,0,0,1,1,3510,0,0,3,3.0,0.0,0
2025-03-28T15:45:48Z,Viateur-akimana/TraffiCast,TypeScript,1,strict_30d_1y_2025_03_04,strict_30d,strict_30d,0,0,0,0,0,1,0,0,1,0,0,1,1,3048,0,0,1,1.0,0.0,0
2025-04-01T02:07:20Z,cameronbrady1527/ml-research-blog,TypeScript,1,strict_30d_1y_2025_03_04,strict_30d,strict_30d,0,0,0,0,0,1,0,0,30,0,0,1,1,5458,0,0,30,30.0,0.0,0
2025-04-20T12:09:21Z,InFiNiTy0639/ZLocal,TypeScript,1,strict_30d_1y_2025_03_04,strict_30d,strict_30d,0,0,0,0,0,1,0,0,2,0,0,1,1,1582,0,0,2,2.0,0.0,0
2025-04-17T14:10:47Z,LiamFer/Rekami,TypeScript,1,strict_30d_1y_2025_03_04,strict_30d,strict_30d,0,0,0,0,0,1,0,0,108,0,0,1,1,3082,1,0,108,108.0,0.0,0
2025-04-02T08:40:21Z,BereketRetta/ML-LLM-Projects,TypeScript,1,strict_30d_1y_2025_03_04,strict_30d,strict_30d,0,0,0,0,0,1,0,0,1,0,0,1,1,1308,0,0,1,1.0,0.0,0
2025-03-23T20:04:51Z,sloweyyy/ExperimentHub,TypeScript,1,strict_30d_1y_2025_03_04,strict_30d,strict_30d,0,0,0,0,0,1,0,0,30,0,0,1,1,2858,1,0,30,30.0,0.0,0
2025-04-17T13:07:21Z,Bhavya-Chawla/Flood-Free-Predicting-Waterlogging,TypeScript,1,strict_30d_1y_2025_03_04,strict_30d,strict_30d,0,0,0,0,0,1,0,0,29,0,0,1,1,3709,0,0,29,29.0,0.0,0
2025-04-03T03:43:22Z,nandanisanghi/SAT-AI,TypeScript,1,strict_30d_1y_2025_03_04,strict_30d,strict_30d,0,0,0,0,0,1,0,0,3,0,0,1,1,1133,0,0,3,3.0,0.0,0
2025-04-19T04:47:54Z,midhunprahash-ui/crimespot-analysis_and_predictive-police-deployment,TypeScript,1,strict_30d_1y_2025_03_04,strict_30d,strict_30d,0,0,0,0,0,1,0,0,6,0,0,1,0,0,0,0,6,6.0,0.0,0
2025-03-02T02:40:20Z,jbmanoj15/Fake-Video-Detection,TypeScript,1,strict_30d_1y_2025_03_04,strict_30d,strict_30d,0,0,0,0,0,1,0,0,1,0,0,1,0,0,0,0,1,1.0,0.0,0
2025-04-02T20:09:39Z,anthony-iheonye/morph-and-split,TypeScript,1,strict_30d_1y_2025_03_04,strict_30d,strict_30d,0,0,0,0,0,1,0,0,49,0,0,1,1,15435,1,0,49,49.0,0.0,0
2025-03-18T11:24:32Z,Frawser/saas-landing-page,TypeScript,1,strict_30d_1y_2025_03_04,strict_30d,strict_30d,0,0,0,0,0,1,0,0,2,0,0,1,0,0,0,0,2,2.0,0.0,0
2025-03-01T17:23:27Z,gonzalodom11/playdeep,TypeScript,1,strict_30d_1y_2025_03_04,strict_30d,strict_30d,0,0,0,0,0,1,0,0,17,1,2,1,1,2468,0,0,20,17.0,2.0,1
2025-04-14T15:11:53Z,Debasish-RS3655/flair,TypeScript,1,strict_30d_1y_2025_03_04,strict_30d,strict_30d,0,0,0,0,0,1,0,0,57,0,0,3,1,2787,0,0,57,19.0,0.0,0
2025-03-31T19:51:19Z,jeremymartinezq/RE-deal-analyzer,TypeScript,1,strict_30d_1y_2025_03_04,strict_30d,strict_30d,0,0,0,0,0,1,0,0,3,0,0,1,1,27507,0,0,3,3.0,0.0,0
2025-04-24T12:39:36Z,francocerino/BlockchainTracer,TypeScript,1,strict_30d_1y_2025_03_04,strict_30d,strict_30d,0,0,0,0,0,1,0,0,66,0,0,1,1,6058,0,0,66,66.0,0.0,0
2025-04-07T09:08:49Z,digitalRM/Poetry-Sentiment-Analyzer,TypeScript,1,strict_30d_1y_2025_03_04,strict_30d,strict_30d,0,0,0,0,0,1,0,0,7,0,0,1,1,2183,1,0,7,7.0,0.0,0
2025-03-31T19:24:06Z,daniel-idowu-01/research-paper-analyzer,TypeScript,1,strict_30d_1y_2025_03_04,strict_30d,strict_30d,0,0,0,0,0,1,0,0,45,0,0,1,1,1450,0,0,45,45.0,0.0,0
2025-04-08T18:22:18Z,sanjay-yadav-05/Predictive-Model-for-Sales-Trends-and-Inventory-Optimization,TypeScript,1,strict_30d_1y_2025_03_04,strict_30d,strict_30d,0,0,0,0,0,1,0,0,11,0,1,1,1,2082,0,0,12,11.0,1.0,1
2025-04-06T20:33:55Z,NishantDixit1/AI_ResearchIntern,TypeScript,1,strict_30d_1y_2025_03_04,strict_30d,strict_30d,0,0,0,0,0,1,0,0,6,0,0,1,1,3256,0,0,6,6.0,0.0,0
2025-03-13T18:52:34Z,Charan051203/charan-portfolio,TypeScript,1,strict_30d_1y_2025_03_04,strict_30d,strict_30d,0,0,0,0,0,1,0,0,77,0,0,2,1,2159,0,0,77,38.5,0.0,0
2025-03-02T10:30:12Z,SHRIKANTAMBATKAR/finacraft-assistant,TypeScript,1,strict_30d_1y_2025_03_04,strict_30d,strict_30d,0,0,0,0,0,1,0,0,19,0,0,1,1,2272,1,0,19,19.0,0.0,0
2025-04-18T10:41:47Z,IlsaMalik/AI-IMAGE-DETECTOR,TypeScript,1,strict_30d_1y_2025_03_04,strict_30d,strict_30d,0,0,0,0,0,1,0,0,3,0,0,1,1,774,0,0,3,3.0,0.0,0
2025-04-26T05:20:48Z,KrisnaSantosa15/chillmind-webapp,TypeScript,1,strict_30d_1y_2025_03_04,strict_30d,strict_30d,0,0,0,0,0,1,0,0,22,2,0,1,1,3120,0,0,24,22.0,0.0,0
2025-03-21T11:23:46Z,Abdulla6h77/Aiventory,Other,1,strict_30d_1y_2025_03_04,strict_30d,strict_30d,0,0,0,0,0,0,1,0,0,0,0,0,1,1844,0,0,0,0.0,0.0,0
2025-04-13T21:00:38Z,hrsinghvi/dasher,TypeScript,1,strict_30d_1y_2025_03_04,strict_30d,strict_30d,0,0,0,0,0,1,0,0,4,0,0,1,1,148,0,0,4,4.0,0.0,0
2025-03-17T07:51:06Z,Gokul7104/NIDS,TypeScript,1,strict_30d_1y_2025_03_04,strict_30d,strict_30d,0,0,0,0,0,1,0,0,2,0,0,1,1,9555,0,0,2,2.0,0.0,0
2025-03-04T06:42:13Z,imustitanveer/crypto-trading-bot,TypeScript,1,strict_30d_1y_2025_03_04,strict_30d,strict_30d,0,0,0,0,0,1,0,0,14,0,0,1,1,5248,0,0,14,14.0,0.0,0
2025-03-01T14:16:22Z,preet27m/project,TypeScript,1,strict_30d_1y_2025_03_04,strict_30d,strict_30d,0,0,0,0,0,1,0,0,0,0,0,0,0,0,0,0,0,0.0,0.0,0
2025-04-09T09:29:34Z,aryansaraogi/predictcare,TypeScript,1,strict_30d_1y_2025_03_04,strict_30d,strict_30d,0,0,0,0,0,1,0,0,3,0,0,1,0,0,0,0,3,3.0,0.0,0
2025-03-26T14:58:02Z,Rishabh2254/Career_Recommendation_System,TypeScript,1,strict_30d_1y_2025_03_04,strict_30d,strict_30d,0,0,0,0,0,1,0,0,0,0,0,0,0,0,0,0,0,0.0,0.0,0
2025-03-21T15:58:29Z,mosesmbuthia/muranga-university-tech-club,TypeScript,1,strict_30d_1y_2025_03_04,strict_30d,strict_30d,0,0,0,0,0,1,0,0,18,0,0,1,1,1607,0,0,18,18.0,0.0,0
2025-04-18T20:30:13Z,Blackie360/ecoScan,TypeScript,1,strict_30d_1y_2025_03_04,strict_30d,strict_30d,0,0,0,0,0,1,0,0,12,2,0,2,1,2623,1,0,14,6.0,0.0,0
2025-03-15T14:08:13Z,Arn0ten/Big-Paws-PetHotel,TypeScript,1,strict_30d_1y_2025_03_04,strict_30d,strict_30d,0,0,0,0,0,1,0,0,191,18,29,4,1,31257,1,0,238,47.75,1.6111111111111112,1
2025-03-24T01:57:08Z,yashmahe2020/FireAI,TypeScript,1,strict_30d_1y_2025_03_04,strict_30d,strict_30d,0,0,0,0,0,1,0,0,3,0,0,3,1,2318,0,0,3,1.0,0.0,0
2025-04-13T09:03:49Z,HappyPotatoHead/projectgarden,TypeScript,1,strict_30d_1y_2025_03_04,strict_30d,strict_30d,0,0,0,0,0,1,0,0,86,0,6,10,1,756,1,0,92,8.6,6.0,1
2025-03-15T18:09:49Z,Aditya-Ranjan1234/Multilingual-Loan-Advisor-App-Sarvam,TypeScript,1,strict_30d_1y_2025_03_04,strict_30d,strict_30d,0,0,0,0,0,1,0,0,29,0,0,1,1,5174,1,0,29,29.0,0.0,0
2025-03-06T03:58:12Z,Ezzz-Lui/SamsungInnovationCampus-FinalProject,TypeScript,1,strict_30d_1y_2025_03_04,strict_30d,strict_30d,0,0,0,0,0,1,0,0,277,0,2,5,1,1240,1,0,279,55.4,2.0,1
